id,role,section,question,previousClass,auditClass,priority,capabilityKey,capabilityLabel,reason,recommendedView,permission,currentSemanticMetricKeys,currentSemanticViews,currentSemanticConfidence,pages,backend,models,developmentFacts
manager-003,一、店长经营 Agent,经营概览,今天来了几个客人，现在还有几个在店,admin_supported_ask_not_open,backend_fact_incomplete,P1,live_store_presence,实时在店、等待与现场状态,预约、排班和服务任务存在，但当前门店的状态事件与等待事件均为 0，无法证明可靠的实时在店、等待、通知或爽约事实。,,core:store:reservations,,,0.35,src/app/pages/ProjectReservation.tsx,packages/server-v2/src/reservations/reservations.controller.ts|packages/server-v2/src/reservations/customer-waiting.controller.ts,Reservation|ReservationStatusEvent|CustomerWaitingEpisode|ServiceTask,"{""Reservation"":384,""ReservationStatusEvent"":0,""CustomerWaitingEpisode"":0,""ServiceTask"":237}"
manager-005,一、店长经营 Agent,经营概览,本周跟上周比，哪天差距最大,admin_supported_ask_not_open,sensitive_or_context,boundary,clarification_required,需补充关键查询槽位,问题没有说明要比较营业额、实收、净收还是其他指标，直接选择会改变经营结论。,,,,,0.35,,packages/server-v2/src/ask-data-free-sql/ask-data-semantic-contracts.ts,,{}
manager-008,一、店长经营 Agent,经营概览,今天有没有什么异常情况我需要知道,admin_supported_ask_not_open,backend_fact_incomplete,P2,unproven_backend_fact,未形成可证明的问数事实,静态页面或对象存在不足以证明题目所需事实；当前未找到完整、可持续且可按门店审计的数据链路。,,,,,0.35,,,,{}
manager-009,一、店长经营 Agent,经营概览,现在店里哪些美容师在忙，哪些空着,admin_supported_ask_not_open,backend_fact_incomplete,P1,live_store_presence,实时在店、等待与现场状态,预约、排班和服务任务存在，但当前门店的状态事件与等待事件均为 0，无法证明可靠的实时在店、等待、通知或爽约事实。,,core:store:reservations,,,0.35,src/app/pages/ProjectReservation.tsx,packages/server-v2/src/reservations/reservations.controller.ts|packages/server-v2/src/reservations/customer-waiting.controller.ts,Reservation|ReservationStatusEvent|CustomerWaitingEpisode|ServiceTask,"{""Reservation"":384,""ReservationStatusEvent"":0,""CustomerWaitingEpisode"":0,""ServiceTask"":237}"
manager-012,一、店长经营 Agent,经营概览,今天新客老客各来了几个,admin_supported_ask_not_open,existing_ask_direct,P0,customer_behavior,客户行为与复购事实,已扩展脱敏客户档案视图，开放来源、年龄段、生日窗口、到店复购、次卡使用和生命周期摘要；不开放手机号、精确生日、健康信息或证据 JSON。,ask_data_customer_profile_summary_view,core:customer:view,customer_profile,ask_data_customer_profile_summary_view,0.98,src/app/pages/CustomerData.tsx,packages/server-v2/src/customers/customers.controller.ts|packages/server-v2/src/customers/customers.service.ts,Customer|ProductOrder|Reservation|CustomerLifecycleSnapshot,"{""Customer"":1253,""CustomerBirthday"":1240,""CustomerSource"":1253,""CustomerVisitFacts"":1055,""ProductOrder"":670,""Reservation"":384}"
manager-013,一、店长经营 Agent,经营概览,现在几点了，下午还有几个预约,admin_supported_ask_not_open,existing_ask_direct,P0,reservation_schedule_metric,预约时段与顺序,按当日下午时段统计非取消预约数。当前 Catalog 和独立语义合同已完成接入，按已开放能力计入直接覆盖。,agent_v3_reservation_view,core:store:reservations,reservation_metrics,agent_v3_reservation_view,0.97,,packages/server-v2/src/ask-data-free-sql/ask-data-semantic-contracts.ts,,{}
manager-016,一、店长经营 Agent,经营概览,今天折扣优惠送出去多少钱,admin_supported_ask_not_open,backend_fact_incomplete,P1,promotion_redemption_events,优惠发放与核销事件闭环,Promotion 有配置与累计计数，但开发门店当前 usedCount 合计为 0，且缺少逐次发放、核销、审批与授权事件，不能证明周期和滥用。,,core:marketing:view,,,0.35,src/app/pages/PromotionManagement.tsx,packages/server-v2/src/marketing/marketing.controller.ts,Promotion|ProductOrder,"{""Promotion"":30,""PromotionUsed"":0}"
manager-021,一、店长经营 Agent,客户管理,最近哪些老客好久没来了，帮我列一下,admin_supported_ask_not_open,existing_ask_direct,P0,customer_behavior,客户行为与复购事实,已扩展脱敏客户档案视图，开放来源、年龄段、生日窗口、到店复购、次卡使用和生命周期摘要；不开放手机号、精确生日、健康信息或证据 JSON。,ask_data_customer_profile_summary_view,core:customer:view,customer_profile,ask_data_customer_profile_summary_view,0.98,src/app/pages/CustomerData.tsx,packages/server-v2/src/customers/customers.controller.ts|packages/server-v2/src/customers/customers.service.ts,Customer|ProductOrder|Reservation|CustomerLifecycleSnapshot,"{""Customer"":1253,""CustomerBirthday"":1240,""CustomerSource"":1253,""CustomerVisitFacts"":1055,""ProductOrder"":670,""Reservation"":384}"
manager-022,一、店长经营 Agent,客户管理,上个月新来了多少新客，转化了多少,admin_supported_ask_not_open,existing_ask_direct,P0,customer_behavior,客户行为与复购事实,已扩展脱敏客户档案视图，开放来源、年龄段、生日窗口、到店复购、次卡使用和生命周期摘要；不开放手机号、精确生日、健康信息或证据 JSON。,ask_data_customer_profile_summary_view,core:customer:view,customer_profile,ask_data_customer_profile_summary_view,0.98,src/app/pages/CustomerData.tsx,packages/server-v2/src/customers/customers.controller.ts|packages/server-v2/src/customers/customers.service.ts,Customer|ProductOrder|Reservation|CustomerLifecycleSnapshot,"{""Customer"":1253,""CustomerBirthday"":1240,""CustomerSource"":1253,""CustomerVisitFacts"":1055,""ProductOrder"":670,""Reservation"":384}"
manager-024,一、店长经营 Agent,客户管理,哪些客户卡里的次数快用完了还没约,admin_supported_ask_not_open,existing_ask_direct,P0,customer_behavior,客户行为与复购事实,已扩展脱敏客户档案视图，开放来源、年龄段、生日窗口、到店复购、次卡使用和生命周期摘要；不开放手机号、精确生日、健康信息或证据 JSON。,ask_data_customer_profile_summary_view,core:customer:view,customer_profile,ask_data_customer_profile_summary_view,0.98,src/app/pages/CustomerData.tsx,packages/server-v2/src/customers/customers.controller.ts|packages/server-v2/src/customers/customers.service.ts,Customer|ProductOrder|Reservation|CustomerLifecycleSnapshot,"{""Customer"":1253,""CustomerBirthday"":1240,""CustomerSource"":1253,""CustomerVisitFacts"":1055,""ProductOrder"":670,""Reservation"":384}"
manager-026,一、店长经营 Agent,客户管理,这个月流失了多少客户，主要是什么原因,admin_supported_ask_not_open,brain_or_advice,boundary,brain_or_advice,建议、预测或内容生成,题目要求方案、预测、归因解释或内容组织，SQL 只能提供事实证据，最终能力应由独立 Ami Brain 或受控报告能力承接。,,,,,0.35,,,,{}
manager-028,一、店长经营 Agent,客户管理,帮我看一下今天到店客人的画像，主要是什么年龄段,admin_supported_ask_not_open,existing_ask_direct,P0,customer_behavior,客户行为与复购事实,已扩展脱敏客户档案视图，开放来源、年龄段、生日窗口、到店复购、次卡使用和生命周期摘要；不开放手机号、精确生日、健康信息或证据 JSON。,ask_data_customer_profile_summary_view,core:customer:view,customer_profile,ask_data_customer_profile_summary_view,0.98,src/app/pages/CustomerData.tsx,packages/server-v2/src/customers/customers.controller.ts|packages/server-v2/src/customers/customers.service.ts,Customer|ProductOrder|Reservation|CustomerLifecycleSnapshot,"{""Customer"":1253,""CustomerBirthday"":1240,""CustomerSource"":1253,""CustomerVisitFacts"":1055,""ProductOrder"":670,""Reservation"":384}"
manager-029,一、店长经营 Agent,客户管理,我们的老客回头率大概是多少,admin_supported_ask_not_open,existing_ask_direct,P0,customer_behavior,客户行为与复购事实,已扩展脱敏客户档案视图，开放来源、年龄段、生日窗口、到店复购、次卡使用和生命周期摘要；不开放手机号、精确生日、健康信息或证据 JSON。,ask_data_customer_profile_summary_view,core:customer:view,customer_profile,ask_data_customer_profile_summary_view,0.97,src/app/pages/CustomerData.tsx,packages/server-v2/src/customers/customers.controller.ts|packages/server-v2/src/customers/customers.service.ts,Customer|ProductOrder|Reservation|CustomerLifecycleSnapshot,"{""Customer"":1253,""CustomerBirthday"":1240,""CustomerSource"":1253,""CustomerVisitFacts"":1055,""ProductOrder"":670,""Reservation"":384}"
manager-030,一、店长经营 Agent,客户管理,有没有哪些客户快到生日了可以做关怀,admin_supported_ask_not_open,existing_ask_direct,P0,customer_behavior,客户行为与复购事实,已扩展脱敏客户档案视图，开放来源、年龄段、生日窗口、到店复购、次卡使用和生命周期摘要；不开放手机号、精确生日、健康信息或证据 JSON。,ask_data_customer_profile_summary_view,core:customer:view,customer_profile,ask_data_customer_profile_summary_view,0.98,src/app/pages/CustomerData.tsx,packages/server-v2/src/customers/customers.controller.ts|packages/server-v2/src/customers/customers.service.ts,Customer|ProductOrder|Reservation|CustomerLifecycleSnapshot,"{""Customer"":1253,""CustomerBirthday"":1240,""CustomerSource"":1253,""CustomerVisitFacts"":1055,""ProductOrder"":670,""Reservation"":384}"
manager-031,一、店长经营 Agent,客户管理,帮我找一下三个月没来消费的客户,admin_supported_ask_not_open,existing_ask_direct,P0,customer_behavior,客户行为与复购事实,已扩展脱敏客户档案视图，开放来源、年龄段、生日窗口、到店复购、次卡使用和生命周期摘要；不开放手机号、精确生日、健康信息或证据 JSON。,ask_data_customer_profile_summary_view,core:customer:view,customer_profile,ask_data_customer_profile_summary_view,0.98,src/app/pages/CustomerData.tsx,packages/server-v2/src/customers/customers.controller.ts|packages/server-v2/src/customers/customers.service.ts,Customer|ProductOrder|Reservation|CustomerLifecycleSnapshot,"{""Customer"":1253,""CustomerBirthday"":1240,""CustomerSource"":1253,""CustomerVisitFacts"":1055,""ProductOrder"":670,""Reservation"":384}"
manager-032,一、店长经营 Agent,客户管理,哪些客户消费了钱但很少用次卡,admin_supported_ask_not_open,existing_ask_direct,P0,customer_card_engagement,次卡使用活跃度,已有客户实收、有效次卡和核销次数；“很少使用”按累计核销不超过 1 次并披露假设。当前 Catalog 和独立语义合同已完成接入，按已开放能力计入直接覆盖。,ask_data_customer_profile_summary_view,core:customer:view,customer_profile,ask_data_customer_profile_summary_view,0.98,,packages/server-v2/src/ask-data-free-sql/ask-data-semantic-contracts.ts,,{}
manager-033,一、店长经营 Agent,客户管理,最近有没有客户因为等待时间长而离开,admin_supported_ask_not_open,backend_fact_incomplete,P1,live_store_presence,实时在店、等待与现场状态,预约、排班和服务任务存在，但当前门店的状态事件与等待事件均为 0，无法证明可靠的实时在店、等待、通知或爽约事实。,,core:store:reservations,,,0.35,src/app/pages/ProjectReservation.tsx,packages/server-v2/src/reservations/reservations.controller.ts|packages/server-v2/src/reservations/customer-waiting.controller.ts,Reservation|ReservationStatusEvent|CustomerWaitingEpisode|ServiceTask,"{""Reservation"":384,""ReservationStatusEvent"":0,""CustomerWaitingEpisode"":0,""ServiceTask"":237}"
manager-034,一、店长经营 Agent,客户管理,我们有多少客户开了次卡但从来不来消费,admin_supported_ask_not_open,existing_ask_direct,P0,customer_behavior,客户行为与复购事实,已扩展脱敏客户档案视图，开放来源、年龄段、生日窗口、到店复购、次卡使用和生命周期摘要；不开放手机号、精确生日、健康信息或证据 JSON。,ask_data_customer_profile_summary_view,core:customer:view,customer_profile,ask_data_customer_profile_summary_view,0.97,src/app/pages/CustomerData.tsx,packages/server-v2/src/customers/customers.controller.ts|packages/server-v2/src/customers/customers.service.ts,Customer|ProductOrder|Reservation|CustomerLifecycleSnapshot,"{""Customer"":1253,""CustomerBirthday"":1240,""CustomerSource"":1253,""CustomerVisitFacts"":1055,""ProductOrder"":670,""Reservation"":384}"
manager-035,一、店长经营 Agent,客户管理,今天有没有重要客户来店，需要特别关注的,admin_supported_ask_not_open,existing_facts_new_view,P1,customer_arrival_value_snapshot,当日到店客户价值联合事实,需要把当日预约/到店与客户 LTV 档位安全关联，现有两个禁止 JOIN 的视图不能直接组合。,,,,,0.35,,packages/server-v2/src/ask-data-free-sql/ask-data-semantic-contracts.ts,,{}
manager-036,一、店长经营 Agent,客户管理,哪些沉睡客户最近有点被唤醒的迹象,admin_supported_ask_not_open,existing_ask_direct,P0,customer_behavior,客户行为与复购事实,已扩展脱敏客户档案视图，开放来源、年龄段、生日窗口、到店复购、次卡使用和生命周期摘要；不开放手机号、精确生日、健康信息或证据 JSON。,ask_data_customer_profile_summary_view,core:customer:view,customer_profile,ask_data_customer_profile_summary_view,0.98,src/app/pages/CustomerData.tsx,packages/server-v2/src/customers/customers.controller.ts|packages/server-v2/src/customers/customers.service.ts,Customer|ProductOrder|Reservation|CustomerLifecycleSnapshot,"{""Customer"":1253,""CustomerBirthday"":1240,""CustomerSource"":1253,""CustomerVisitFacts"":1055,""ProductOrder"":670,""Reservation"":384}"
manager-038,一、店长经营 Agent,客户管理,这个月新客主要来自什么渠道,admin_supported_ask_not_open,existing_ask_direct,P0,customer_behavior,客户行为与复购事实,已扩展脱敏客户档案视图，开放来源、年龄段、生日窗口、到店复购、次卡使用和生命周期摘要；不开放手机号、精确生日、健康信息或证据 JSON。,ask_data_customer_profile_summary_view,core:customer:view,customer_profile,ask_data_customer_profile_summary_view,0.98,src/app/pages/CustomerData.tsx,packages/server-v2/src/customers/customers.controller.ts|packages/server-v2/src/customers/customers.service.ts,Customer|ProductOrder|Reservation|CustomerLifecycleSnapshot,"{""Customer"":1253,""CustomerBirthday"":1240,""CustomerSource"":1253,""CustomerVisitFacts"":1055,""ProductOrder"":670,""Reservation"":384}"
manager-039,一、店长经营 Agent,客户管理,老客户平均多久回来一次,admin_supported_ask_not_open,existing_ask_direct,P0,customer_behavior,客户行为与复购事实,已扩展脱敏客户档案视图，开放来源、年龄段、生日窗口、到店复购、次卡使用和生命周期摘要；不开放手机号、精确生日、健康信息或证据 JSON。,ask_data_customer_profile_summary_view,core:customer:view,customer_profile,ask_data_customer_profile_summary_view,0.97,src/app/pages/CustomerData.tsx,packages/server-v2/src/customers/customers.controller.ts|packages/server-v2/src/customers/customers.service.ts,Customer|ProductOrder|Reservation|CustomerLifecycleSnapshot,"{""Customer"":1253,""CustomerBirthday"":1240,""CustomerSource"":1253,""CustomerVisitFacts"":1055,""ProductOrder"":670,""Reservation"":384}"
manager-040,一、店长经营 Agent,客户管理,哪些客户最近消费频率明显下降,admin_supported_ask_not_open,existing_ask_direct,P0,customer_visit_decline,客户到店频率下降,用距最近到店天数与平均复购间隔比较，默认超过 1.5 倍标记为明显下降。当前 Catalog 和独立语义合同已完成接入，按已开放能力计入直接覆盖。,ask_data_customer_profile_summary_view,core:customer:view,customer_profile,ask_data_customer_profile_summary_view,0.98,,packages/server-v2/src/ask-data-free-sql/ask-data-semantic-contracts.ts,,{}
manager-041,一、店长经营 Agent,员工管理,这个月谁的业绩最好,admin_supported_ask_not_open,existing_ask_direct,P0,staff_performance_metric,员工绩效指标,按当月实收业绩降序返回员工排名。当前 Catalog 和独立语义合同已完成接入，按已开放能力计入直接覆盖。,ask_data_staff_performance_view,core:beautician-performance:view,staff_performance,ask_data_staff_performance_view,0.98,,packages/server-v2/src/ask-data-free-sql/ask-data-semantic-contracts.ts,,{}
manager-042,一、店长经营 Agent,员工管理,哪个美容师接的客人最多,admin_supported_ask_not_open,existing_ask_direct,P0,staff_service_volume_metric,员工服务量,按员工服务量降序返回接待客户最多的美容师。当前 Catalog 和独立语义合同已完成接入，按已开放能力计入直接覆盖。,ask_data_staff_performance_view,core:beautician-performance:view,staff_performance,ask_data_staff_performance_view,0.98,,packages/server-v2/src/ask-data-free-sql/ask-data-semantic-contracts.ts,,{}
manager-043,一、店长经营 Agent,员工管理,谁的客户复购率最高,admin_supported_ask_not_open,existing_ask_direct,P0,customer_behavior,客户行为与复购事实,已扩展脱敏客户档案视图，开放来源、年龄段、生日窗口、到店复购、次卡使用和生命周期摘要；不开放手机号、精确生日、健康信息或证据 JSON。,ask_data_customer_profile_summary_view,core:customer:view,customer_profile,ask_data_customer_profile_summary_view,0.98,src/app/pages/CustomerData.tsx,packages/server-v2/src/customers/customers.controller.ts|packages/server-v2/src/customers/customers.service.ts,Customer|ProductOrder|Reservation|CustomerLifecycleSnapshot,"{""Customer"":1253,""CustomerBirthday"":1240,""CustomerSource"":1253,""CustomerVisitFacts"":1055,""ProductOrder"":670,""Reservation"":384}"
manager-044,一、店长经营 Agent,员工管理,有没有员工这周业绩明显下滑,admin_supported_ask_not_open,existing_ask_direct,P1,staff_daily_performance_fact,员工日/周绩效事实,现有员工绩效视图仅有月粒度，不能证明本周与上周业绩下滑。当前 Catalog 和独立语义合同已完成接入，按已开放能力计入直接覆盖。,ask_data_staff_performance_view,,staff_performance,ask_data_staff_performance_view,0.98,,packages/server-v2/src/ask-data-free-sql/ask-data-semantic-contracts.ts,,{}
manager-047,一、店长经营 Agent,员工管理,今天谁请假了，有没有影响接待,admin_supported_ask_not_open,backend_fact_incomplete,P1,live_store_presence,实时在店、等待与现场状态,预约、排班和服务任务存在，但当前门店的状态事件与等待事件均为 0，无法证明可靠的实时在店、等待、通知或爽约事实。,,core:store:reservations,,,0.35,src/app/pages/ProjectReservation.tsx,packages/server-v2/src/reservations/reservations.controller.ts|packages/server-v2/src/reservations/customer-waiting.controller.ts,Reservation|ReservationStatusEvent|CustomerWaitingEpisode|ServiceTask,"{""Reservation"":384,""ReservationStatusEvent"":0,""CustomerWaitingEpisode"":0,""ServiceTask"":237}"
manager-048,一、店长经营 Agent,员工管理,哪个美容师的客诉最多，最近有没有,admin_supported_ask_not_open,existing_ask_direct,P0,staff_feedback_metric,员工客诉与反馈,客户反馈视图已包含员工和投诉类型；真实为空时必须回答暂无反馈数据。当前 Catalog 和独立语义合同已完成接入，按已开放能力计入直接覆盖。,ask_data_customer_feedback_view,core:customer:view,customer_feedback,ask_data_customer_feedback_view,0.98,,packages/server-v2/src/ask-data-free-sql/ask-data-semantic-contracts.ts,,{}
manager-051,一、店长经营 Agent,员工管理,今天谁服务了几个客人,admin_supported_ask_not_open,existing_ask_direct,P0,staff_completed_service_metric,员工完成服务量,按当日 completed 服务任务和美容师分组统计客户数。当前 Catalog 和独立语义合同已完成接入，按已开放能力计入直接覆盖。,agent_v3_service_quality_view,core:store:reservations,service_quality,agent_v3_service_quality_view,0.98,,packages/server-v2/src/ask-data-free-sql/ask-data-semantic-contracts.ts,,{}
manager-052,一、店长经营 Agent,员工管理,哪个员工这个月进步最快,admin_supported_ask_not_open,existing_ask_direct,P0,staff_performance_improvement,员工绩效进步,比较当月与上月员工实收业绩差额并排名。当前 Catalog 和独立语义合同已完成接入，按已开放能力计入直接覆盖。,ask_data_staff_performance_view,core:beautician-performance:view,staff_performance,ask_data_staff_performance_view,0.98,,packages/server-v2/src/ask-data-free-sql/ask-data-semantic-contracts.ts,,{}
manager-053,一、店长经营 Agent,员工管理,有没有员工最近很长时间没有新客了,admin_supported_ask_not_open,existing_ask_direct,P0,customer_behavior,客户行为与复购事实,已扩展脱敏客户档案视图，开放来源、年龄段、生日窗口、到店复购、次卡使用和生命周期摘要；不开放手机号、精确生日、健康信息或证据 JSON。,ask_data_customer_profile_summary_view,core:customer:view,customer_profile,ask_data_customer_profile_summary_view,0.98,src/app/pages/CustomerData.tsx,packages/server-v2/src/customers/customers.controller.ts|packages/server-v2/src/customers/customers.service.ts,Customer|ProductOrder|Reservation|CustomerLifecycleSnapshot,"{""Customer"":1253,""CustomerBirthday"":1240,""CustomerSource"":1253,""CustomerVisitFacts"":1055,""ProductOrder"":670,""Reservation"":384}"
manager-055,一、店长经营 Agent,员工管理,哪个美容师擅长的项目客户最满意,admin_supported_ask_not_open,existing_facts_new_view,P1,staff_customer_outcomes,员工客户经营结果,订单、服务任务、员工、客户、反馈和提成事实可以形成受控员工结果视图；必须固定客户归属与去重口径，不读取反馈原文。,ask_data_staff_customer_outcome_view,core:beautician-performance:view,,,0.35,src/app/pages/operation-profit/BeauticianPerformance.tsx,packages/server-v2/src/orders/orders.controller.ts|packages/server-v2/src/customer-feedback/customer-feedback.controller.ts,OrderItem|ServiceTask|Customer|CustomerServiceFeedback|CommissionRecord,"{""ProductOrder"":670,""ServiceTask"":237,""Customer"":1253,""CustomerServiceFeedback"":0,""CommissionRecord"":148}"
manager-058,一、店长经营 Agent,员工管理,哪个美容师的升单能力最强,admin_supported_ask_not_open,backend_fact_incomplete,P1,staff_customer_attribution_missing,员工获客、复购、升单与客户归属,订单与服务可关联员工，但“归属客户、转介绍、升单归因、抢客”缺少稳定治理定义，不能仅凭备注或单次订单推断。,,core:beautician-performance:view,,,0.35,src/app/pages/operation-profit/BeauticianPerformance.tsx,packages/server-v2/src/orders/orders.service.ts,OrderItem|ServiceTask|Beautician|Customer,"{""Beautician"":14,""ProductOrder"":670,""ServiceTask"":237}"
manager-061,一、店长经营 Agent,库存运营,现在哪些产品库存不够了,admin_supported_ask_not_open,existing_facts_new_metric,P0,inventory_shortage_metric,低库存与缺货,当前库存低于安全库存即标记为库存不足。,agent_v3_product_inventory_view,core:inventory:products 或 core:inventory:stock,,,0.35,,packages/server-v2/src/ask-data-free-sql/ask-data-semantic-contracts.ts,,{}
manager-064,一、店长经营 Agent,库存运营,最近卖得最好的产品是什么,admin_supported_ask_not_open,existing_ask_direct,P0,product_sales_metric,商品销量排名,“卖得最好的产品”应使用商品销售视图，不使用库存快照。当前 Catalog 和独立语义合同已完成接入，按已开放能力计入直接覆盖。,agent_v3_order_item_sales_view,core:order:products 或 core:goods:products,product_sales,agent_v3_order_item_sales_view,0.98,,packages/server-v2/src/ask-data-free-sql/ask-data-semantic-contracts.ts,,{}
manager-065,一、店长经营 Agent,库存运营,有什么产品积压太久了,admin_supported_ask_not_open,existing_ask_direct,P1,inventory_turnover_planning,库存周转与补货事实,库存、批次、消耗和采购事实存在，可计算历史消耗速度、库存可用天数和周转；预测补货仍应披露假设。当前 Catalog 和独立语义合同已完成接入，按已开放能力计入直接覆盖。,ask_data_inventory_turnover_view,core:inventory:stock,inventory_slow_moving,ask_data_inventory_turnover_view,0.98,src/app/pages/StockManagement.tsx|src/app/pages/PurchaseManagement.tsx,packages/server-v2/src/inventory/inventory.controller.ts,Product|StockBatch|StockMovement|ProcurementOrderItem,"{""Product"":46,""StockBatch"":82,""StockMovement"":570,""ProcurementOrder"":3}"
manager-066,一、店长经营 Agent,库存运营,下次采购需要补什么货,admin_supported_ask_not_open,brain_or_advice,boundary,brain_or_advice,建议、预测或内容生成,题目要求方案、预测、归因解释或内容组织，SQL 只能提供事实证据，最终能力应由独立 Ami Brain 或受控报告能力承接。,,,,,0.35,,,,{}
manager-068,一、店长经营 Agent,库存运营,有没有哪个项目因为缺耗材没法做,admin_supported_ask_not_open,existing_facts_new_view,P1,inventory_turnover_planning,库存周转与补货事实,库存、批次、消耗和采购事实存在，可计算历史消耗速度、库存可用天数和周转；预测补货仍应披露假设。,ask_data_inventory_turnover_view,core:inventory:stock,,,0.35,src/app/pages/StockManagement.tsx|src/app/pages/PurchaseManagement.tsx,packages/server-v2/src/inventory/inventory.controller.ts,Product|StockBatch|StockMovement|ProcurementOrderItem,"{""Product"":46,""StockBatch"":82,""StockMovement"":570,""ProcurementOrder"":3}"
manager-071,一、店长经营 Agent,库存运营,有没有产品快断货但还没采购的,admin_supported_ask_not_open,existing_ask_direct,P1,inventory_turnover_planning,库存周转与补货事实,库存、批次、消耗和采购事实存在，可计算历史消耗速度、库存可用天数和周转；预测补货仍应披露假设。当前 Catalog 和独立语义合同已完成接入，按已开放能力计入直接覆盖。,ask_data_inventory_turnover_view,core:inventory:stock,inventory_procurement_coverage,ask_data_inventory_turnover_view,0.98,src/app/pages/StockManagement.tsx|src/app/pages/PurchaseManagement.tsx,packages/server-v2/src/inventory/inventory.controller.ts,Product|StockBatch|StockMovement|ProcurementOrderItem,"{""Product"":46,""StockBatch"":82,""StockMovement"":570,""ProcurementOrder"":3}"
manager-075,一、店长经营 Agent,库存运营,有没有产品卖出去的价格低于成本的,admin_supported_ask_not_open,existing_facts_new_view,P1,product_project_margin,商品与项目经营毛利,订单明细、商品成本、项目销售和 BOM 成本均存在，但当前利润视图只有已确认月结总额，缺少商品/项目粒度的治理口径。,ask_data_item_margin_view,core:operation-profit:view,,,0.35,src/app/pages/finance/ProfitWorkbench.tsx|src/app/pages/ServiceConsumption.tsx,packages/server-v2/src/orders/orders.controller.ts|packages/server-v2/src/finance-metrics/finance-metrics.controller.ts,OrderItem|Product|ProjectBomItem|StockMovement,"{""ProductOrder"":670,""Product"":46,""ProjectBomItem"":81,""StockMovement"":570}"
manager-078,一、店长经营 Agent,库存运营,哪些产品毛利率最高,admin_supported_ask_not_open,existing_facts_new_view,P1,product_project_margin,商品与项目经营毛利,订单明细、商品成本、项目销售和 BOM 成本均存在，但当前利润视图只有已确认月结总额，缺少商品/项目粒度的治理口径。,ask_data_item_margin_view,core:operation-profit:view,confirmed_profit,ask_data_confirmed_profit_view,0.98,src/app/pages/finance/ProfitWorkbench.tsx|src/app/pages/ServiceConsumption.tsx,packages/server-v2/src/orders/orders.controller.ts|packages/server-v2/src/finance-metrics/finance-metrics.controller.ts,OrderItem|Product|ProjectBomItem|StockMovement,"{""ProductOrder"":670,""Product"":46,""ProjectBomItem"":81,""StockMovement"":570}"
manager-079,一、店长经营 Agent,库存运营,库存的周转率怎么样,admin_supported_ask_not_open,existing_ask_direct,P1,inventory_turnover_planning,库存周转与补货事实,库存、批次、消耗和采购事实存在，可计算历史消耗速度、库存可用天数和周转；预测补货仍应披露假设。当前 Catalog 和独立语义合同已完成接入，按已开放能力计入直接覆盖。,ask_data_inventory_turnover_view,core:inventory:stock,inventory_operational_turnover,ask_data_inventory_turnover_view,0.97,src/app/pages/StockManagement.tsx|src/app/pages/PurchaseManagement.tsx,packages/server-v2/src/inventory/inventory.controller.ts,Product|StockBatch|StockMovement|ProcurementOrderItem,"{""Product"":46,""StockBatch"":82,""StockMovement"":570,""ProcurementOrder"":3}"
manager-081,一、店长经营 Agent,风险预警,今天有没有什么需要我特别注意的风险,admin_supported_ask_not_open,backend_fact_incomplete,P2,unproven_backend_fact,未形成可证明的问数事实,静态页面或对象存在不足以证明题目所需事实；当前未找到完整、可持续且可按门店审计的数据链路。,,,,,0.35,,,,{}
manager-085,一、店长经营 Agent,风险预警,店里设备最近有没有什么问题,admin_supported_ask_not_open,backend_fact_incomplete,P2,device_incident_history,设备故障历史,TerminalDevice 只有当前状态与最近在线时间，没有独立故障事件和维修闭环，不能回答“最近是否出过问题”。,,core:terminal:view,,,0.35,,,TerminalDevice,"{""TerminalDevice"":4}"
manager-086,一、店长经营 Agent,风险预警,今天有没有超时服务影响了下一个预约,admin_supported_ask_not_open,backend_fact_incomplete,P1,live_store_presence,实时在店、等待与现场状态,预约、排班和服务任务存在，但当前门店的状态事件与等待事件均为 0，无法证明可靠的实时在店、等待、通知或爽约事实。,agent_v3_reservation_view,core:store:reservations,reservation_metrics,agent_v3_reservation_view,0.98,src/app/pages/ProjectReservation.tsx,packages/server-v2/src/reservations/reservations.controller.ts|packages/server-v2/src/reservations/customer-waiting.controller.ts,Reservation|ReservationStatusEvent|CustomerWaitingEpisode|ServiceTask,"{""Reservation"":384,""ReservationStatusEvent"":0,""CustomerWaitingEpisode"":0,""ServiceTask"":237}"
manager-088,一、店长经营 Agent,风险预警,有没有员工在没有授权的情况下给了额外优惠,admin_supported_ask_not_open,backend_fact_incomplete,P1,promotion_redemption_events,优惠发放与核销事件闭环,Promotion 有配置与累计计数，但开发门店当前 usedCount 合计为 0，且缺少逐次发放、核销、审批与授权事件，不能证明周期和滥用。,,core:marketing:view,,,0.35,src/app/pages/PromotionManagement.tsx,packages/server-v2/src/marketing/marketing.controller.ts,Promotion|ProductOrder,"{""Promotion"":30,""PromotionUsed"":0}"
manager-091,一、店长经营 Agent,风险预警,最近储值卡提现风险高不高,admin_supported_ask_not_open,backend_fact_incomplete,P2,unproven_backend_fact,未形成可证明的问数事实,静态页面或对象存在不足以证明题目所需事实；当前未找到完整、可持续且可按门店审计的数据链路。,,,,,0.35,,,,{}
manager-095,一、店长经营 Agent,风险预警,有没有项目成本明显上涨影响毛利的,admin_supported_ask_not_open,existing_facts_new_view,P1,product_project_margin,商品与项目经营毛利,订单明细、商品成本、项目销售和 BOM 成本均存在，但当前利润视图只有已确认月结总额，缺少商品/项目粒度的治理口径。,ask_data_item_margin_view,core:operation-profit:view,project_sales,agent_v3_project_service_sales_view,0.98,src/app/pages/finance/ProfitWorkbench.tsx|src/app/pages/ServiceConsumption.tsx,packages/server-v2/src/orders/orders.controller.ts|packages/server-v2/src/finance-metrics/finance-metrics.controller.ts,OrderItem|Product|ProjectBomItem|StockMovement,"{""ProductOrder"":670,""Product"":46,""ProjectBomItem"":81,""StockMovement"":570}"
marketing-001,二、营销增长 Agent,客群识别与分析,我想做个召回活动，哪些客户最值得联系,admin_supported_ask_not_open,brain_or_advice,boundary,brain_or_advice,建议、预测或内容生成,题目要求方案、预测、归因解释或内容组织，SQL 只能提供事实证据，最终能力应由独立 Ami Brain 或受控报告能力承接。,,,,,0.35,,,,{}
marketing-002,二、营销增长 Agent,客群识别与分析,帮我找一下45天没来的客户，大概有多少人,admin_supported_ask_not_open,existing_ask_direct,P0,customer_behavior,客户行为与复购事实,已扩展脱敏客户档案视图，开放来源、年龄段、生日窗口、到店复购、次卡使用和生命周期摘要；不开放手机号、精确生日、健康信息或证据 JSON。,ask_data_customer_profile_summary_view,core:customer:view,customer_profile,ask_data_customer_profile_summary_view,0.97,src/app/pages/CustomerData.tsx,packages/server-v2/src/customers/customers.controller.ts|packages/server-v2/src/customers/customers.service.ts,Customer|ProductOrder|Reservation|CustomerLifecycleSnapshot,"{""Customer"":1253,""CustomerBirthday"":1240,""CustomerSource"":1253,""CustomerVisitFacts"":1055,""ProductOrder"":670,""Reservation"":384}"
marketing-003,二、营销增长 Agent,客群识别与分析,哪些客户买了次卡但最近一直不来用,admin_supported_ask_not_open,existing_ask_direct,P0,customer_behavior,客户行为与复购事实,已扩展脱敏客户档案视图，开放来源、年龄段、生日窗口、到店复购、次卡使用和生命周期摘要；不开放手机号、精确生日、健康信息或证据 JSON。,ask_data_customer_profile_summary_view,core:customer:view,customer_profile,ask_data_customer_profile_summary_view,0.98,src/app/pages/CustomerData.tsx,packages/server-v2/src/customers/customers.controller.ts|packages/server-v2/src/customers/customers.service.ts,Customer|ProductOrder|Reservation|CustomerLifecycleSnapshot,"{""Customer"":1253,""CustomerBirthday"":1240,""CustomerSource"":1253,""CustomerVisitFacts"":1055,""ProductOrder"":670,""Reservation"":384}"
marketing-004,二、营销增长 Agent,客群识别与分析,有没有之前消费很多但突然消失的客户,admin_supported_ask_not_open,existing_ask_direct,P0,high_value_inactive_customer,高价值沉睡客户,使用高 LTV 档位与 inactive/超期未到店联合筛选，不自行设定金额门槛。当前 Catalog 和独立语义合同已完成接入，按已开放能力计入直接覆盖。,ask_data_customer_profile_summary_view,core:customer:view,customer_profile,ask_data_customer_profile_summary_view,0.98,,packages/server-v2/src/ask-data-free-sql/ask-data-semantic-contracts.ts,,{}
marketing-005,二、营销增长 Agent,客群识别与分析,新客中哪些人最有潜力转成长期客户,admin_supported_ask_not_open,existing_ask_direct,P0,customer_behavior,客户行为与复购事实,已扩展脱敏客户档案视图，开放来源、年龄段、生日窗口、到店复购、次卡使用和生命周期摘要；不开放手机号、精确生日、健康信息或证据 JSON。,ask_data_customer_profile_summary_view,core:customer:view,customer_profile,ask_data_customer_profile_summary_view,0.98,src/app/pages/CustomerData.tsx,packages/server-v2/src/customers/customers.controller.ts|packages/server-v2/src/customers/customers.service.ts,Customer|ProductOrder|Reservation|CustomerLifecycleSnapshot,"{""Customer"":1253,""CustomerBirthday"":1240,""CustomerSource"":1253,""CustomerVisitFacts"":1055,""ProductOrder"":670,""Reservation"":384}"
marketing-006,二、营销增长 Agent,客群识别与分析,帮我找一下对我们上次活动有响应的客户,admin_supported_ask_not_open,existing_facts_new_view,P1,customer_marketing_attribution,客户级营销响应与归因,营销触达、客户、订单和归因事实存在，但当前 Ask 只开放汇总 ROI，缺少脱敏客户级响应视图。,ask_data_customer_marketing_response_view,core:marketing:analytics,,,0.35,src/app/pages/MarketingAnalytics.tsx,packages/server-v2/src/marketing/attribution/marketing-effect-fact.service.ts|packages/server-v2/src/marketing/marketing.controller.ts,MarketingEffectFact|MarketingAutomationTouch|MarketingAttribution|Customer,"{""MarketingEffectFact"":7693,""MarketingEffectCustomerLinked"":7693,""MarketingAutomationTouch"":12241}"
marketing-007,二、营销增长 Agent,客群识别与分析,哪些客户是只来一次就再没回来的,admin_supported_ask_not_open,existing_ask_direct,P0,customer_behavior,客户行为与复购事实,已扩展脱敏客户档案视图，开放来源、年龄段、生日窗口、到店复购、次卡使用和生命周期摘要；不开放手机号、精确生日、健康信息或证据 JSON。,ask_data_customer_profile_summary_view,core:customer:view,customer_profile,ask_data_customer_profile_summary_view,0.98,src/app/pages/CustomerData.tsx,packages/server-v2/src/customers/customers.controller.ts|packages/server-v2/src/customers/customers.service.ts,Customer|ProductOrder|Reservation|CustomerLifecycleSnapshot,"{""Customer"":1253,""CustomerBirthday"":1240,""CustomerSource"":1253,""CustomerVisitFacts"":1055,""ProductOrder"":670,""Reservation"":384}"
marketing-009,二、营销增长 Agent,客群识别与分析,帮我找下这个月快过生日的客户,admin_supported_ask_not_open,existing_ask_direct,P0,customer_behavior,客户行为与复购事实,已扩展脱敏客户档案视图，开放来源、年龄段、生日窗口、到店复购、次卡使用和生命周期摘要；不开放手机号、精确生日、健康信息或证据 JSON。,ask_data_customer_profile_summary_view,core:customer:view,customer_profile,ask_data_customer_profile_summary_view,0.98,src/app/pages/CustomerData.tsx,packages/server-v2/src/customers/customers.controller.ts|packages/server-v2/src/customers/customers.service.ts,Customer|ProductOrder|Reservation|CustomerLifecycleSnapshot,"{""Customer"":1253,""CustomerBirthday"":1240,""CustomerSource"":1253,""CustomerVisitFacts"":1055,""ProductOrder"":670,""Reservation"":384}"
marketing-010,二、营销增长 Agent,客群识别与分析,哪些客户最近消费明显减少,admin_supported_ask_not_open,existing_facts_new_view,P1,customer_period_spend_trend,客户分期消费趋势,现有客户摘要只有累计消费，缺少当期与上期消费可比事实。,,,,,0.35,,packages/server-v2/src/ask-data-free-sql/ask-data-semantic-contracts.ts,,{}
marketing-011,二、营销增长 Agent,客群识别与分析,我想做个高端护理套餐推广，找哪些客户合适,admin_supported_ask_not_open,brain_or_advice,boundary,brain_or_advice,建议、预测或内容生成,题目要求方案、预测、归因解释或内容组织，SQL 只能提供事实证据，最终能力应由独立 Ami Brain 或受控报告能力承接。,,,,,0.35,,,,{}
marketing-012,二、营销增长 Agent,客群识别与分析,帮我把客户按消费金额分一下层,admin_supported_ask_not_open,existing_ask_direct,P0,customer_value_segmentation,客户价值分层,使用已治理的 LTV 档位统计客户分层，并披露不是临时自定义金额分箱。当前 Catalog 和独立语义合同已完成接入，按已开放能力计入直接覆盖。,ask_data_customer_profile_summary_view,core:customer:view,customer_profile,ask_data_customer_profile_summary_view,0.97,,packages/server-v2/src/ask-data-free-sql/ask-data-semantic-contracts.ts,,{}
marketing-014,二、营销增长 Agent,客群识别与分析,有没有客户对优惠很敏感，老是等打折才来,admin_supported_ask_not_open,existing_facts_new_view,P1,customer_marketing_attribution,客户级营销响应与归因,营销触达、客户、订单和归因事实存在，但当前 Ask 只开放汇总 ROI，缺少脱敏客户级响应视图。,ask_data_customer_marketing_response_view,core:marketing:analytics,,,0.35,src/app/pages/MarketingAnalytics.tsx,packages/server-v2/src/marketing/attribution/marketing-effect-fact.service.ts|packages/server-v2/src/marketing/marketing.controller.ts,MarketingEffectFact|MarketingAutomationTouch|MarketingAttribution|Customer,"{""MarketingEffectFact"":7693,""MarketingEffectCustomerLinked"":7693,""MarketingAutomationTouch"":12241}"
marketing-015,二、营销增长 Agent,客群识别与分析,哪些客户推荐过新人来，转介绍能力强,admin_supported_ask_not_open,backend_fact_incomplete,P1,staff_customer_attribution_missing,员工获客、复购、升单与客户归属,订单与服务可关联员工，但“归属客户、转介绍、升单归因、抢客”缺少稳定治理定义，不能仅凭备注或单次订单推断。,,core:beautician-performance:view,,,0.35,src/app/pages/operation-profit/BeauticianPerformance.tsx,packages/server-v2/src/orders/orders.service.ts,OrderItem|ServiceTask|Beautician|Customer,"{""Beautician"":14,""ProductOrder"":670,""ServiceTask"":237}"
marketing-016,二、营销增长 Agent,客群识别与分析,帮我找一下只做过基础项目没有升单的客户,admin_supported_ask_not_open,backend_fact_incomplete,P2,unproven_backend_fact,未形成可证明的问数事实,静态页面或对象存在不足以证明题目所需事实；当前未找到完整、可持续且可按门店审计的数据链路。,,,,,0.35,,,,{}
marketing-017,二、营销增长 Agent,客群识别与分析,有没有客户用过会员权益但感觉不是很满意,admin_supported_ask_not_open,existing_ask_direct,P0,existing_card_query,次卡资产,当前独立语义合同已能命中现有治理视图；只需纳入真实泛化回归，不需要新增底层事实。,agent_v3_card_asset_view,core:order:member-cards,card_assets,agent_v3_card_asset_view,0.95,,packages/server-v2/src/ask-data-free-sql/ask-data-free-sql.catalog.ts,,{}
marketing-018,二、营销增长 Agent,客群识别与分析,最近哪个时间段新客最多，从哪些渠道来,admin_supported_ask_not_open,existing_ask_direct,P0,customer_behavior,客户行为与复购事实,已扩展脱敏客户档案视图，开放来源、年龄段、生日窗口、到店复购、次卡使用和生命周期摘要；不开放手机号、精确生日、健康信息或证据 JSON。,ask_data_customer_profile_summary_view,core:customer:view,customer_profile,ask_data_customer_profile_summary_view,0.98,src/app/pages/CustomerData.tsx,packages/server-v2/src/customers/customers.controller.ts|packages/server-v2/src/customers/customers.service.ts,Customer|ProductOrder|Reservation|CustomerLifecycleSnapshot,"{""Customer"":1253,""CustomerBirthday"":1240,""CustomerSource"":1253,""CustomerVisitFacts"":1055,""ProductOrder"":670,""Reservation"":384}"
marketing-019,二、营销增长 Agent,客群识别与分析,帮我找一下办了卡但还没预约的新客,admin_supported_ask_not_open,existing_ask_direct,P0,customer_behavior,客户行为与复购事实,已扩展脱敏客户档案视图，开放来源、年龄段、生日窗口、到店复购、次卡使用和生命周期摘要；不开放手机号、精确生日、健康信息或证据 JSON。,ask_data_customer_profile_summary_view,core:customer:view,customer_profile,ask_data_customer_profile_summary_view,0.98,src/app/pages/CustomerData.tsx,packages/server-v2/src/customers/customers.controller.ts|packages/server-v2/src/customers/customers.service.ts,Customer|ProductOrder|Reservation|CustomerLifecycleSnapshot,"{""Customer"":1253,""CustomerBirthday"":1240,""CustomerSource"":1253,""CustomerVisitFacts"":1055,""ProductOrder"":670,""Reservation"":384}"
marketing-030,二、营销增长 Agent,活动策划,帮我设计一个新客专属的欢迎礼包,admin_supported_ask_not_open,brain_or_advice,boundary,brain_or_advice,建议、预测或内容生成,题目要求方案、预测、归因解释或内容组织，SQL 只能提供事实证据，最终能力应由独立 Ami Brain 或受控报告能力承接。,ask_data_customer_profile_summary_view,core:customer:view,customer_profile,ask_data_customer_profile_summary_view,0.97,,,,{}
marketing-036,二、营销增长 Agent,活动策划,有没有不用打折也能吸引客户来的方法,admin_supported_ask_not_open,brain_or_advice,boundary,brain_or_advice,建议、预测或内容生成,题目要求方案、预测、归因解释或内容组织，SQL 只能提供事实证据，最终能力应由独立 Ami Brain 或受控报告能力承接。,,,,,0.35,,,,{}
marketing-063,二、营销增长 Agent,权益与投入产出,这个月活动花了多少钱，带来了多少收入,admin_supported_ask_not_open,existing_ask_direct,P0,marketing_roi_metric,营销投入与归因收入,同时返回营销成本与归因净收入，并强制披露 estimated 成本口径。当前 Catalog 和独立语义合同已完成接入，按已开放能力计入直接覆盖。,ask_data_marketing_roi_view,core:marketing:analytics,marketing_roi,ask_data_marketing_roi_view,0.98,,packages/server-v2/src/ask-data-free-sql/ask-data-semantic-contracts.ts,,{}
marketing-064,二、营销增长 Agent,权益与投入产出,哪种权益对客户吸引力最大,admin_supported_ask_not_open,existing_ask_direct,P0,promotion_attractiveness_metric,权益吸引力,默认以促销/权益带来的转化率排名，并披露该代理口径。当前 Catalog 和独立语义合同已完成接入，按已开放能力计入直接覆盖。,ask_data_marketing_roi_view,core:marketing:analytics,marketing_roi,ask_data_marketing_roi_view,0.98,,packages/server-v2/src/ask-data-free-sql/ask-data-semantic-contracts.ts,,{}
marketing-065,二、营销增长 Agent,权益与投入产出,帮我算一下如果打八折，毛利还剩多少,admin_supported_ask_not_open,brain_or_advice,boundary,brain_or_advice,建议、预测或内容生成,题目要求方案、预测、归因解释或内容组织，SQL 只能提供事实证据，最终能力应由独立 Ami Brain 或受控报告能力承接。,,,,,0.35,,,,{}
marketing-067,二、营销增长 Agent,权益与投入产出,送赠品和打折哪种方式效果更好,admin_supported_ask_not_open,backend_fact_incomplete,P2,unproven_backend_fact,未形成可证明的问数事实,静态页面或对象存在不足以证明题目所需事实；当前未找到完整、可持续且可按门店审计的数据链路。,,,,,0.35,,,,{}
marketing-068,二、营销增长 Agent,权益与投入产出,我们的优惠券平均核销周期是多久,admin_supported_ask_not_open,backend_fact_incomplete,P1,promotion_redemption_events,优惠发放与核销事件闭环,Promotion 有配置与累计计数，但开发门店当前 usedCount 合计为 0，且缺少逐次发放、核销、审批与授权事件，不能证明周期和滥用。,agent_v3_promotion_offer_view,core:marketing:view,promotion_offer,agent_v3_promotion_offer_view,0.96,src/app/pages/PromotionManagement.tsx,packages/server-v2/src/marketing/marketing.controller.ts,Promotion|ProductOrder,"{""Promotion"":30,""PromotionUsed"":0}"
marketing-069,二、营销增长 Agent,权益与投入产出,这个月进店的客人里有多少是被活动吸引来的,admin_supported_ask_not_open,existing_facts_new_view,P1,customer_marketing_attribution,客户级营销响应与归因,营销触达、客户、订单和归因事实存在，但当前 Ask 只开放汇总 ROI，缺少脱敏客户级响应视图。,ask_data_customer_marketing_response_view,core:marketing:analytics,,,0.35,src/app/pages/MarketingAnalytics.tsx,packages/server-v2/src/marketing/attribution/marketing-effect-fact.service.ts|packages/server-v2/src/marketing/marketing.controller.ts,MarketingEffectFact|MarketingAutomationTouch|MarketingAttribution|Customer,"{""MarketingEffectFact"":7693,""MarketingEffectCustomerLinked"":7693,""MarketingAutomationTouch"":12241}"
marketing-072,二、营销增长 Agent,权益与投入产出,最近一次活动有没有带来持续复购的客户,admin_supported_ask_not_open,existing_facts_new_view,P1,customer_marketing_attribution,客户级营销响应与归因,营销触达、客户、订单和归因事实存在，但当前 Ask 只开放汇总 ROI，缺少脱敏客户级响应视图。,ask_data_customer_marketing_response_view,core:marketing:analytics,,,0.35,src/app/pages/MarketingAnalytics.tsx,packages/server-v2/src/marketing/attribution/marketing-effect-fact.service.ts|packages/server-v2/src/marketing/marketing.controller.ts,MarketingEffectFact|MarketingAutomationTouch|MarketingAttribution|Customer,"{""MarketingEffectFact"":7693,""MarketingEffectCustomerLinked"":7693,""MarketingAutomationTouch"":12241}"
marketing-074,二、营销增长 Agent,权益与投入产出,哪个渠道带来的客户质量最好,admin_supported_ask_not_open,existing_facts_new_view,P1,customer_marketing_attribution,客户级营销响应与归因,营销触达、客户、订单和归因事实存在，但当前 Ask 只开放汇总 ROI，缺少脱敏客户级响应视图。,ask_data_customer_marketing_response_view,core:marketing:analytics,,,0.35,src/app/pages/MarketingAnalytics.tsx,packages/server-v2/src/marketing/attribution/marketing-effect-fact.service.ts|packages/server-v2/src/marketing/marketing.controller.ts,MarketingEffectFact|MarketingAutomationTouch|MarketingAttribution|Customer,"{""MarketingEffectFact"":7693,""MarketingEffectCustomerLinked"":7693,""MarketingAutomationTouch"":12241}"
marketing-077,二、营销增长 Agent,权益与投入产出,免费次卡换来的客户和付费客户的消费行为有什么差异,admin_supported_ask_not_open,existing_facts_new_view,P1,customer_marketing_attribution,客户级营销响应与归因,营销触达、客户、订单和归因事实存在，但当前 Ask 只开放汇总 ROI，缺少脱敏客户级响应视图。,ask_data_customer_marketing_response_view,core:marketing:analytics,,,0.35,src/app/pages/MarketingAnalytics.tsx,packages/server-v2/src/marketing/attribution/marketing-effect-fact.service.ts|packages/server-v2/src/marketing/marketing.controller.ts,MarketingEffectFact|MarketingAutomationTouch|MarketingAttribution|Customer,"{""MarketingEffectFact"":7693,""MarketingEffectCustomerLinked"":7693,""MarketingAutomationTouch"":12241}"
marketing-078,二、营销增长 Agent,权益与投入产出,这个月发了多少优惠，有没有被滥用的情况,admin_supported_ask_not_open,backend_fact_incomplete,P1,promotion_redemption_events,优惠发放与核销事件闭环,Promotion 有配置与累计计数，但开发门店当前 usedCount 合计为 0，且缺少逐次发放、核销、审批与授权事件，不能证明周期和滥用。,,core:marketing:view,,,0.35,src/app/pages/PromotionManagement.tsx,packages/server-v2/src/marketing/marketing.controller.ts,Promotion|ProductOrder,"{""Promotion"":30,""PromotionUsed"":0}"
marketing-080,二、营销增长 Agent,权益与投入产出,帮我评估一下现在的会员体系有没有问题,admin_supported_ask_not_open,brain_or_advice,boundary,brain_or_advice,建议、预测或内容生成,题目要求方案、预测、归因解释或内容组织，SQL 只能提供事实证据，最终能力应由独立 Ami Brain 或受控报告能力承接。,,,,,0.35,,,,{}
marketing-099,二、营销增长 Agent,自动化与触达规则,我想在特定节日前三天自动准备活动方案,admin_supported_ask_not_open,readonly_action,boundary,readonly_action,只读边界之外的操作,管理端可能存在操作入口，但 Ami Ask 的产品边界是只读查询；该题不得通过自由 SQL 执行副作用。,,,,,0.35,,,,{}
marketing-100,二、营销增长 Agent,自动化与触达规则,帮我检查一下现在有哪些自动化规则在运行，效果怎么样,admin_supported_ask_not_open,existing_ask_direct,P0,marketing_automation_effectiveness,自动化规则运行效果,当前只回答运行状态、任务量、完成量和完成率，不冒充归因 ROI。当前 Catalog 和独立语义合同已完成接入，按已开放能力计入直接覆盖。,agent_v3_marketing_automation_view,core:marketing:view,marketing_automation,agent_v3_marketing_automation_view,0.98,,packages/server-v2/src/ask-data-free-sql/ask-data-semantic-contracts.ts,,{}
frontdesk-001,三、前台接待 Agent,客户查询,帮我查一下张雯，她上次来是什么时候,admin_supported_ask_not_open,sensitive_or_context,boundary,sensitive_or_context,敏感信息或缺失会话实体,题目依赖上一轮客户、预约或员工身份，或触及护理健康与内部备注；不能为了覆盖率开放敏感原文。,,,,,0.35,,,,{}
frontdesk-010,三、前台接待 Agent,客户查询,她上次来有没有表达过什么不满,admin_supported_ask_not_open,sensitive_or_context,boundary,sensitive_or_context,敏感信息或缺失会话实体,题目依赖上一轮客户、预约或员工身份，或触及护理健康与内部备注；不能为了覆盖率开放敏感原文。,,,,,0.35,,,,{}
frontdesk-013,三、前台接待 Agent,客户查询,有个客人刚进门，叫王芳，帮我快速看一下她的情况,admin_supported_ask_not_open,sensitive_or_context,boundary,sensitive_or_context,敏感信息或缺失会话实体,题目依赖上一轮客户、预约或员工身份，或触及护理健康与内部备注；不能为了覆盖率开放敏感原文。,,,,,0.35,,,,{}
frontdesk-015,三、前台接待 Agent,客户查询,她喜欢什么时间来，有没有固定的习惯,admin_supported_ask_not_open,sensitive_or_context,boundary,sensitive_or_context,敏感信息或缺失会话实体,题目依赖上一轮客户、预约或员工身份，或触及护理健康与内部备注；不能为了覆盖率开放敏感原文。,,,,,0.35,,,,{}
frontdesk-018,三、前台接待 Agent,客户查询,她有没有给我们推荐过新客户,admin_supported_ask_not_open,sensitive_or_context,boundary,sensitive_or_context,敏感信息或缺失会话实体,题目依赖上一轮客户、预约或员工身份，或触及护理健康与内部备注；不能为了覆盖率开放敏感原文。,ask_data_customer_profile_summary_view,core:customer:view,customer_profile,ask_data_customer_profile_summary_view,0.97,,,,{}
frontdesk-021,三、前台接待 Agent,客户查询,她有没有参加过我们的活动,admin_supported_ask_not_open,sensitive_or_context,boundary,sensitive_or_context,敏感信息或缺失会话实体,题目依赖上一轮客户、预约或员工身份，或触及护理健康与内部备注；不能为了覆盖率开放敏感原文。,,,,,0.35,,,,{}
frontdesk-023,三、前台接待 Agent,客户查询,帮我看一下今天所有到店客人的基本信息,admin_supported_ask_not_open,existing_facts_new_metric,P0,arrived_customer_list,当日到店客户列表,使用 checked_in/completed 预约和脱敏客户信息返回当日到店列表。,agent_v3_reservation_view,core:store:reservations,,,0.35,,packages/server-v2/src/ask-data-free-sql/ask-data-semantic-contracts.ts,,{}
frontdesk-024,三、前台接待 Agent,客户查询,有个客人说她家人也来过，帮我找一下,admin_supported_ask_not_open,backend_fact_incomplete,P2,unproven_backend_fact,未形成可证明的问数事实,静态页面或对象存在不足以证明题目所需事实；当前未找到完整、可持续且可按门店审计的数据链路。,,,,,0.35,,,,{}
frontdesk-027,三、前台接待 Agent,预约管理,现在几点了，下一个预约是谁，什么时候,admin_supported_ask_not_open,existing_ask_direct,P0,next_reservation_metric,下一个预约,按当日当前时间后的开始时间升序返回第一条非取消预约。当前 Catalog 和独立语义合同已完成接入，按已开放能力计入直接覆盖。,agent_v3_reservation_view,core:store:reservations,reservation_metrics,agent_v3_reservation_view,0.98,,packages/server-v2/src/ask-data-free-sql/ask-data-semantic-contracts.ts,,{}
frontdesk-028,三、前台接待 Agent,预约管理,今天所有的预约给我列一下,admin_supported_ask_not_open,existing_facts_new_metric,P0,reservation_detail_list,预约明细,返回当日全部预约的脱敏明细。,agent_v3_reservation_view,core:store:reservations,,,0.35,,packages/server-v2/src/ask-data-free-sql/ask-data-semantic-contracts.ts,,{}
frontdesk-032,三、前台接待 Agent,预约管理,今天有没有可能爽约的预约需要提前联系,admin_supported_ask_not_open,backend_fact_incomplete,P1,live_store_presence,实时在店、等待与现场状态,预约、排班和服务任务存在，但当前门店的状态事件与等待事件均为 0，无法证明可靠的实时在店、等待、通知或爽约事实。,,core:store:reservations,,,0.35,src/app/pages/ProjectReservation.tsx,packages/server-v2/src/reservations/reservations.controller.ts|packages/server-v2/src/reservations/customer-waiting.controller.ts,Reservation|ReservationStatusEvent|CustomerWaitingEpisode|ServiceTask,"{""Reservation"":384,""ReservationStatusEvent"":0,""CustomerWaitingEpisode"":0,""ServiceTask"":237}"
frontdesk-037,三、前台接待 Agent,预约管理,今天有没有超时的预约影响到下一个,admin_supported_ask_not_open,existing_ask_direct,P0,existing_reservation_query,预约,当前独立语义合同已能命中现有治理视图；只需纳入真实泛化回归，不需要新增底层事实。,agent_v3_reservation_view,core:store:reservations,reservation_metrics,agent_v3_reservation_view,0.97,,packages/server-v2/src/ask-data-free-sql/ask-data-free-sql.catalog.ts,,{}
frontdesk-038,三、前台接待 Agent,预约管理,帮我确认一下明天所有预约都通知到位了吗,admin_supported_ask_not_open,backend_fact_incomplete,P1,live_store_presence,实时在店、等待与现场状态,预约、排班和服务任务存在，但当前门店的状态事件与等待事件均为 0，无法证明可靠的实时在店、等待、通知或爽约事实。,,core:store:reservations,,,0.35,src/app/pages/ProjectReservation.tsx,packages/server-v2/src/reservations/reservations.controller.ts|packages/server-v2/src/reservations/customer-waiting.controller.ts,Reservation|ReservationStatusEvent|CustomerWaitingEpisode|ServiceTask,"{""Reservation"":384,""ReservationStatusEvent"":0,""CustomerWaitingEpisode"":0,""ServiceTask"":237}"
frontdesk-039,三、前台接待 Agent,预约管理,今天有预约的客人里有没有 VIP 需要特别准备,admin_supported_ask_not_open,existing_facts_new_view,P1,reservation_customer_value_snapshot,预约客户价值联合事实,需要将当日预约与客户会员等级/LTV 安全关联，现有视图不允许直接 JOIN。,,,,,0.35,,packages/server-v2/src/ask-data-free-sql/ask-data-semantic-contracts.ts,,{}
frontdesk-041,三、前台接待 Agent,预约管理,今天有没有需要特别准备物品的预约,admin_supported_ask_not_open,existing_ask_direct,P0,existing_reservation_query,预约,当前独立语义合同已能命中现有治理视图；只需纳入真实泛化回归，不需要新增底层事实。,agent_v3_reservation_view,core:store:reservations,reservation_metrics,agent_v3_reservation_view,0.97,,packages/server-v2/src/ask-data-free-sql/ask-data-free-sql.catalog.ts,,{}
frontdesk-043,三、前台接待 Agent,预约管理,有客人说她下午有预约但我找不到记录,admin_supported_ask_not_open,sensitive_or_context,boundary,clarification_required,需补充关键查询槽位,需要客户 ID、更完整姓名或预约时间才能核查指定预约。,,,,,0.35,,packages/server-v2/src/ask-data-free-sql/ask-data-semantic-contracts.ts,,{}
frontdesk-045,三、前台接待 Agent,预约管理,帮我统计一下今天的到店率，爽约了几个,admin_supported_ask_not_open,backend_fact_incomplete,P1,reservation_arrival_event,到店与爽约事件,开发门店 ReservationStatusEvent 为 0，并无稳定 no_show 事件闭环，不能用 cancelled 冒充爽约。,,,,,0.35,,packages/server-v2/src/ask-data-free-sql/ask-data-semantic-contracts.ts,,{}
frontdesk-046,三、前台接待 Agent,预约管理,有没有预约超过两小时没有确认的,admin_supported_ask_not_open,backend_fact_incomplete,P1,live_store_presence,实时在店、等待与现场状态,预约、排班和服务任务存在，但当前门店的状态事件与等待事件均为 0，无法证明可靠的实时在店、等待、通知或爽约事实。,,core:store:reservations,,,0.35,src/app/pages/ProjectReservation.tsx,packages/server-v2/src/reservations/reservations.controller.ts|packages/server-v2/src/reservations/customer-waiting.controller.ts,Reservation|ReservationStatusEvent|CustomerWaitingEpisode|ServiceTask,"{""Reservation"":384,""ReservationStatusEvent"":0,""CustomerWaitingEpisode"":0,""ServiceTask"":237}"
frontdesk-050,三、前台接待 Agent,预约管理,帮我看一下这个月预约最多的是哪几天,admin_supported_ask_not_open,existing_ask_direct,P0,reservation_peak_date,预约高峰日期,按日聚合预约数并降序返回月内预约最多的日期。当前 Catalog 和独立语义合同已完成接入，按已开放能力计入直接覆盖。,agent_v3_reservation_view,core:store:reservations,reservation_metrics,agent_v3_reservation_view,0.98,,packages/server-v2/src/ask-data-free-sql/ask-data-semantic-contracts.ts,,{}
frontdesk-061,三、前台接待 Agent,收银与核销,帮我查一下今天收了多少现金,admin_supported_ask_not_open,existing_ask_direct,P0,cash_receipt_metric,现金收款,按现金支付方式筛选并汇总实收。当前 Catalog 和独立语义合同已完成接入，按已开放能力计入直接覆盖。,agent_v3_payment_refund_view,core:finance:view,payment_flow,agent_v3_payment_refund_view,0.98,,packages/server-v2/src/ask-data-free-sql/ask-data-semantic-contracts.ts,,{}
frontdesk-063,三、前台接待 Agent,收银与核销,今天有几笔是用储值卡消费的,admin_supported_ask_not_open,existing_ask_direct,P0,stored_value_payment_metric,储值消费支付,按数据库已治理的储值支付方式统计笔数和金额。当前 Catalog 和独立语义合同已完成接入，按已开放能力计入直接覆盖。,agent_v3_payment_refund_view,core:finance:view,payment_flow,agent_v3_payment_refund_view,0.98,,packages/server-v2/src/ask-data-free-sql/ask-data-semantic-contracts.ts,,{}
frontdesk-065,三、前台接待 Agent,收银与核销,帮我查一下上周某天的收款记录,admin_supported_ask_not_open,sensitive_or_context,boundary,clarification_required,需补充关键查询槽位,“上周某天”没有指定具体日期，缺失会改变收款明细。,agent_v3_payment_refund_view,,payment_flow,agent_v3_payment_refund_view,0.97,,packages/server-v2/src/ask-data-free-sql/ask-data-semantic-contracts.ts,,{}
frontdesk-066,三、前台接待 Agent,收银与核销,有个客人说她付了款但没有记录，帮我核查,admin_supported_ask_not_open,sensitive_or_context,boundary,clarification_required,需补充关键查询槽位,需要客户、订单或支付时间才能核查指定付款。,,,,,0.35,,packages/server-v2/src/ask-data-free-sql/ask-data-semantic-contracts.ts,,{}
frontdesk-072,三、前台接待 Agent,收银与核销,她买产品还是做项目，分别怎么结算,admin_supported_ask_not_open,sensitive_or_context,boundary,sensitive_or_context,敏感信息或缺失会话实体,题目依赖上一轮客户、预约或员工身份，或触及护理健康与内部备注；不能为了覆盖率开放敏感原文。,,,,,0.35,,,,{}
frontdesk-073,三、前台接待 Agent,收银与核销,今天第一笔收款是几点，是谁的,admin_supported_ask_not_open,existing_ask_direct,P0,first_receipt_customer,首笔收款与脱敏客户,通过 order_id 关联支付与订单摘要，返回首笔支付时间和脱敏客户。当前 Catalog 和独立语义合同已完成接入，按已开放能力计入直接覆盖。,agent_v3_payment_refund_view,core:finance:view,payment_customer_detail,agent_v3_payment_refund_view,0.98,,packages/server-v2/src/ask-data-free-sql/ask-data-semantic-contracts.ts,,{}
frontdesk-074,三、前台接待 Agent,收银与核销,帮我查一下这个月已经收了多少钱,admin_supported_ask_not_open,existing_ask_direct,P0,payment_total_metric,收款汇总,按期间汇总支付金额，不与订单营业额混用。当前 Catalog 和独立语义合同已完成接入，按已开放能力计入直接覆盖。,agent_v3_payment_refund_view,core:finance:view,payment_flow,agent_v3_payment_refund_view,0.98,,packages/server-v2/src/ask-data-free-sql/ask-data-semantic-contracts.ts,,{}
frontdesk-076,三、前台接待 Agent,现场协调,现在店里有几个客人在，分别做什么,admin_supported_ask_not_open,backend_fact_incomplete,P1,live_store_presence,实时在店、等待与现场状态,预约、排班和服务任务存在，但当前门店的状态事件与等待事件均为 0，无法证明可靠的实时在店、等待、通知或爽约事实。,,core:store:reservations,,,0.35,src/app/pages/ProjectReservation.tsx,packages/server-v2/src/reservations/reservations.controller.ts|packages/server-v2/src/reservations/customer-waiting.controller.ts,Reservation|ReservationStatusEvent|CustomerWaitingEpisode|ServiceTask,"{""Reservation"":384,""ReservationStatusEvent"":0,""CustomerWaitingEpisode"":0,""ServiceTask"":237}"
frontdesk-077,三、前台接待 Agent,现场协调,李美容师现在在忙吗，大概还要多久,admin_supported_ask_not_open,backend_fact_incomplete,P1,live_store_presence,实时在店、等待与现场状态,预约、排班和服务任务存在，但当前门店的状态事件与等待事件均为 0，无法证明可靠的实时在店、等待、通知或爽约事实。,,core:store:reservations,,,0.35,src/app/pages/ProjectReservation.tsx,packages/server-v2/src/reservations/reservations.controller.ts|packages/server-v2/src/reservations/customer-waiting.controller.ts,Reservation|ReservationStatusEvent|CustomerWaitingEpisode|ServiceTask,"{""Reservation"":384,""ReservationStatusEvent"":0,""CustomerWaitingEpisode"":0,""ServiceTask"":237}"
frontdesk-079,三、前台接待 Agent,现场协调,帮我看一下今天哪个美容师可以接新单,admin_supported_ask_not_open,existing_ask_direct,P0,staff_available_capacity,可接新单员工,使用当日空闲分钟和超排分钟判断可接待产能，不用员工绩效代替。当前 Catalog 和独立语义合同已完成接入，按已开放能力计入直接覆盖。,ask_data_staff_capacity_view,core:store:scheduling,staff_capacity,ask_data_staff_capacity_view,0.98,,packages/server-v2/src/ask-data-free-sql/ask-data-semantic-contracts.ts,,{}
frontdesk-083,三、前台接待 Agent,现场协调,客人要买产品带走，我们现在有什么产品可以卖,admin_supported_ask_not_open,existing_ask_direct,P0,sellable_inventory,可售商品库存,列出当前库存大于 0 的商品，并展示状态与数量。当前 Catalog 和独立语义合同已完成接入，按已开放能力计入直接覆盖。,agent_v3_product_inventory_view,core:inventory:products 或 core:inventory:stock,inventory_on_hand,agent_v3_product_inventory_view,0.98,,packages/server-v2/src/ask-data-free-sql/ask-data-semantic-contracts.ts,,{}
frontdesk-090,三、前台接待 Agent,现场协调,客人等待时间太长，我能给她什么补偿或安抚,admin_supported_ask_not_open,brain_or_advice,boundary,brain_or_advice,建议、预测或内容生成,题目要求方案、预测、归因解释或内容组织，SQL 只能提供事实证据，最终能力应由独立 Ami Brain 或受控报告能力承接。,,,,,0.35,,,,{}
frontdesk-091,三、前台接待 Agent,现场协调,有个客人说她想试一个新项目，适合她吗,admin_supported_ask_not_open,brain_or_advice,boundary,brain_or_advice,建议、预测或内容生成,题目要求方案、预测、归因解释或内容组织，SQL 只能提供事实证据，最终能力应由独立 Ami Brain 或受控报告能力承接。,,,,,0.35,,,,{}
frontdesk-096,三、前台接待 Agent,现场协调,帮我查一下今天下午哪个时段可以加客,admin_supported_ask_not_open,existing_ask_direct,P0,appointment_available_slot,可加客时段,使用预约空档视图筛选当日下午可用容量。当前 Catalog 和独立语义合同已完成接入，按已开放能力计入直接覆盖。,agent_v3_appointment_gap_view,core:store:scheduling:gap:view,appointment_gap,agent_v3_appointment_gap_view,0.98,,packages/server-v2/src/ask-data-free-sql/ask-data-semantic-contracts.ts,,{}
frontdesk-097,三、前台接待 Agent,现场协调,客人问礼品卡怎么使用，帮我解释一下,admin_supported_ask_not_open,brain_or_advice,boundary,brain_or_advice,建议、预测或内容生成,题目要求方案、预测、归因解释或内容组织，SQL 只能提供事实证据，最终能力应由独立 Ami Brain 或受控报告能力承接。,,,,,0.35,,,,{}
frontdesk-099,三、前台接待 Agent,现场协调,今天有没有员工没到岗，怎么影响接待,admin_supported_ask_not_open,brain_or_advice,boundary,brain_or_advice,建议、预测或内容生成,题目要求方案、预测、归因解释或内容组织，SQL 只能提供事实证据，最终能力应由独立 Ami Brain 或受控报告能力承接。,,,,,0.35,,,,{}
beautician-002,四、美容师服务 Agent,今日服务安排,下一个客人是谁，做什么项目,admin_supported_ask_not_open,sensitive_or_context,boundary,sensitive_or_context,敏感信息或缺失会话实体,题目依赖上一轮客户、预约或员工身份，或触及护理健康与内部备注；不能为了覆盖率开放敏感原文。,,,,,0.35,,,,{}
beautician-004,四、美容师服务 Agent,今日服务安排,下午那个客人叫什么名字，有什么要注意的,admin_supported_ask_not_open,sensitive_or_context,boundary,sensitive_or_context,敏感信息或缺失会话实体,题目依赖上一轮客户、预约或员工身份，或触及护理健康与内部备注；不能为了覆盖率开放敏感原文。,,,,,0.35,,,,{}
beautician-005,四、美容师服务 Agent,今日服务安排,今天最后一个客人几点结束,admin_supported_ask_not_open,existing_facts_new_view,P1,reservation_end_time_fact,预约预计结束时间,当前预约视图只开放 start_time，缺少结束时间或项目时长的受控派生字段。,,,,,0.35,,packages/server-v2/src/ask-data-free-sql/ask-data-semantic-contracts.ts,,{}
beautician-007,四、美容师服务 Agent,今日服务安排,下一个客人上次做了什么，有没有什么特殊要求,admin_supported_ask_not_open,sensitive_or_context,boundary,sensitive_or_context,敏感信息或缺失会话实体,题目依赖上一轮客户、预约或员工身份，或触及护理健康与内部备注；不能为了覆盖率开放敏感原文。,,,,,0.35,,,,{}
beautician-008,四、美容师服务 Agent,今日服务安排,今天我总共要服务几个小时,admin_supported_ask_not_open,sensitive_or_context,boundary,clarification_required,需补充关键查询槽位,“我”需要当前登录账号与员工 ID 唯一绑定；未绑定时不得推断。,,,,,0.35,,packages/server-v2/src/ask-data-free-sql/ask-data-semantic-contracts.ts,,{}
beautician-009,四、美容师服务 Agent,今日服务安排,有没有客人临时取消了，我可以提前下班吗,admin_supported_ask_not_open,backend_fact_incomplete,P2,unproven_backend_fact,未形成可证明的问数事实,静态页面或对象存在不足以证明题目所需事实；当前未找到完整、可持续且可按门店审计的数据链路。,,,,,0.35,,,,{}
beautician-012,四、美容师服务 Agent,今日服务安排,今天有哪个客人是比较难服务的，需要注意什么,admin_supported_ask_not_open,sensitive_or_context,boundary,sensitive_or_context,敏感信息或缺失会话实体,题目依赖上一轮客户、预约或员工身份，或触及护理健康与内部备注；不能为了覆盖率开放敏感原文。,,,,,0.35,,,,{}
beautician-014,四、美容师服务 Agent,今日服务安排,今天有没有安排我去做培训或其他任务,admin_supported_ask_not_open,backend_fact_incomplete,P2,staff_hr_history,员工人事、考勤和培训历史,现有美容师、排班和请假对象不足以形成考勤、试用期、转正、培训与离职风险的审计事实。,,core:store:beauticians,,,0.35,src/app/pages/BeauticianManagement.tsx,packages/server-v2/src/scheduling/scheduling.service.ts,Beautician|Schedule|BeauticianTimeOff,"{""Beautician"":14,""Schedule"":707}"
beautician-015,四、美容师服务 Agent,今日服务安排,下午两点那个客人想做什么项目,admin_supported_ask_not_open,existing_ask_direct,P0,reservation_time_project,指定时间预约项目,按当日 14:00 开始时间查询脱敏客户和项目。当前 Catalog 和独立语义合同已完成接入，按已开放能力计入直接覆盖。,agent_v3_reservation_view,core:store:reservations,reservation_metrics,agent_v3_reservation_view,0.98,,packages/server-v2/src/ask-data-free-sql/ask-data-semantic-contracts.ts,,{}
beautician-017,四、美容师服务 Agent,今日服务安排,今天有没有客人提前到了在等我,admin_supported_ask_not_open,backend_fact_incomplete,P1,live_store_presence,实时在店、等待与现场状态,预约、排班和服务任务存在，但当前门店的状态事件与等待事件均为 0，无法证明可靠的实时在店、等待、通知或爽约事实。,,core:store:reservations,,,0.35,src/app/pages/ProjectReservation.tsx,packages/server-v2/src/reservations/reservations.controller.ts|packages/server-v2/src/reservations/customer-waiting.controller.ts,Reservation|ReservationStatusEvent|CustomerWaitingEpisode|ServiceTask,"{""Reservation"":384,""ReservationStatusEvent"":0,""CustomerWaitingEpisode"":0,""ServiceTask"":237}"
beautician-019,四、美容师服务 Agent,今日服务安排,帮我看一下今天客人的护理历史,admin_supported_ask_not_open,sensitive_or_context,boundary,sensitive_or_context,敏感信息或缺失会话实体,题目依赖上一轮客户、预约或员工身份，或触及护理健康与内部备注；不能为了覆盖率开放敏感原文。,,,,,0.35,,,,{}
beautician-021,四、美容师服务 Agent,今日服务安排,下一个客人的疗程做到哪一步了,admin_supported_ask_not_open,sensitive_or_context,boundary,sensitive_or_context,敏感信息或缺失会话实体,题目依赖上一轮客户、预约或员工身份，或触及护理健康与内部备注；不能为了覆盖率开放敏感原文。,agent_v3_project_catalog_view,core:store:projects,project_catalog,agent_v3_project_catalog_view,0.92,,,,{}
beautician-022,四、美容师服务 Agent,今日服务安排,今天有没有需要我帮客人续卡或者推荐项目的,admin_supported_ask_not_open,backend_fact_incomplete,P2,unproven_backend_fact,未形成可证明的问数事实,静态页面或对象存在不足以证明题目所需事实；当前未找到完整、可持续且可按门店审计的数据链路。,,,,,0.35,,,,{}
beautician-025,四、美容师服务 Agent,今日服务安排,帮我看一下今天整体的服务流程安排,admin_supported_ask_not_open,existing_ask_direct,P0,daily_service_schedule,当日服务流程安排,按开始时间返回当日预约项目、美容师和状态。当前 Catalog 和独立语义合同已完成接入，按已开放能力计入直接覆盖。,agent_v3_reservation_view,core:store:reservations,reservation_metrics,agent_v3_reservation_view,0.98,,packages/server-v2/src/ask-data-free-sql/ask-data-semantic-contracts.ts,,{}
beautician-032,四、美容师服务 Agent,客户护理建议,她上次护理后反映有点红，这次怎么调整,admin_supported_ask_not_open,sensitive_or_context,boundary,sensitive_or_context,敏感信息或缺失会话实体,题目依赖上一轮客户、预约或员工身份，或触及护理健康与内部备注；不能为了覆盖率开放敏感原文。,,,,,0.35,,,,{}
beautician-036,四、美容师服务 Agent,客户护理建议,她问我护理后回家怎么保养，我怎么回答,admin_supported_ask_not_open,sensitive_or_context,boundary,sensitive_or_context,敏感信息或缺失会话实体,题目依赖上一轮客户、预约或员工身份，或触及护理健康与内部备注；不能为了覆盖率开放敏感原文。,,,,,0.35,,,,{}
beautician-041,四、美容师服务 Agent,客户护理建议,她上次问过某个仪器项目，我该怎么介绍,admin_supported_ask_not_open,sensitive_or_context,boundary,sensitive_or_context,敏感信息或缺失会话实体,题目依赖上一轮客户、预约或员工身份，或触及护理健康与内部备注；不能为了覆盖率开放敏感原文。,,,,,0.35,,,,{}
beautician-043,四、美容师服务 Agent,客户护理建议,她最近在家用什么护肤品，和我们的方案冲突吗,admin_supported_ask_not_open,sensitive_or_context,boundary,sensitive_or_context,敏感信息或缺失会话实体,题目依赖上一轮客户、预约或员工身份，或触及护理健康与内部备注；不能为了覆盖率开放敏感原文。,,,,,0.35,,,,{}
beautician-047,四、美容师服务 Agent,客户护理建议,她问做完护理可以化妆吗，我怎么回答,admin_supported_ask_not_open,sensitive_or_context,boundary,sensitive_or_context,敏感信息或缺失会话实体,题目依赖上一轮客户、预约或员工身份，或触及护理健康与内部备注；不能为了覆盖率开放敏感原文。,,,,,0.35,,,,{}
beautician-049,四、美容师服务 Agent,客户护理建议,她之前做过的项目哪个效果最好,admin_supported_ask_not_open,sensitive_or_context,boundary,sensitive_or_context,敏感信息或缺失会话实体,题目依赖上一轮客户、预约或员工身份，或触及护理健康与内部备注；不能为了覆盖率开放敏感原文。,,,,,0.35,,,,{}
beautician-060,四、美容师服务 Agent,服务记录与跟进,客人护理结束后说想买一瓶精华，帮我记一下,admin_supported_ask_not_open,readonly_action,boundary,readonly_action,只读边界之外的操作,管理端可能存在操作入口，但 Ami Ask 的产品边界是只读查询；该题不得通过自由 SQL 执行副作用。,,,,,0.35,,,,{}
beautician-091,四、美容师服务 Agent,个人业绩,这个月还有几天，我能完成目标吗,admin_supported_ask_not_open,brain_or_advice,boundary,brain_or_advice,建议、预测或内容生成,题目要求方案、预测、归因解释或内容组织，SQL 只能提供事实证据，最终能力应由独立 Ami Brain 或受控报告能力承接。,,,,,0.35,,,,{}
beautician-099,四、美容师服务 Agent,个人业绩,有没有老板对我最近的表现有什么反馈,admin_supported_ask_not_open,sensitive_or_context,boundary,sensitive_or_context,敏感信息或缺失会话实体,题目依赖上一轮客户、预约或员工身份，或触及护理健康与内部备注；不能为了覆盖率开放敏感原文。,,,,,0.35,,,,{}
inventory-003,五、库存采购 Agent,库存查询与风险,有没有什么产品只剩最后几瓶了,admin_supported_ask_not_open,existing_ask_direct,P0,low_stock_metric,低库存,“只剩最后几瓶”默认使用安全库存阈值，不自行硬编统一瓶数。当前 Catalog 和独立语义合同已完成接入，按已开放能力计入直接覆盖。,agent_v3_product_inventory_view,core:inventory:products 或 core:inventory:stock,inventory_on_hand,agent_v3_product_inventory_view,0.98,,packages/server-v2/src/ask-data-free-sql/ask-data-semantic-contracts.ts,,{}
inventory-004,五、库存采购 Agent,库存查询与风险,这个月用了多少洗面奶，还剩多少,admin_supported_ask_not_open,existing_ask_direct,P0,inventory_usage_and_balance,期间用量与当前结存,库存流水计算本月消耗，库存快照返回当前结存；两个指标必须都回答。当前 Catalog 和独立语义合同已完成接入，按已开放能力计入直接覆盖。,agent_v3_stock_movement_view,core:inventory:stock 或 core:inventory:consumption,inventory_usage_balance,agent_v3_stock_movement_view,0.98,,packages/server-v2/src/ask-data-free-sql/ask-data-semantic-contracts.ts,,{}
inventory-010,五、库存采购 Agent,库存查询与风险,有没有产品一直有但从来不用的,admin_supported_ask_not_open,existing_ask_direct,P1,inventory_turnover_planning,库存周转与补货事实,库存、批次、消耗和采购事实存在，可计算历史消耗速度、库存可用天数和周转；预测补货仍应披露假设。当前 Catalog 和独立语义合同已完成接入，按已开放能力计入直接覆盖。,ask_data_inventory_turnover_view,core:inventory:stock,inventory_slow_moving,ask_data_inventory_turnover_view,0.98,src/app/pages/StockManagement.tsx|src/app/pages/PurchaseManagement.tsx,packages/server-v2/src/inventory/inventory.controller.ts,Product|StockBatch|StockMovement|ProcurementOrderItem,"{""Product"":46,""StockBatch"":82,""StockMovement"":570,""ProcurementOrder"":3}"
inventory-012,五、库存采购 Agent,库存查询与风险,帮我看一下补水系列产品的库存,admin_supported_ask_not_open,existing_ask_direct,P0,inventory_product_family,商品系列库存,对“补水系列”做受控商品名称包含筛选。当前 Catalog 和独立语义合同已完成接入，按已开放能力计入直接覆盖。,agent_v3_product_inventory_view,core:inventory:products 或 core:inventory:stock,inventory_on_hand,agent_v3_product_inventory_view,0.97,,packages/server-v2/src/ask-data-free-sql/ask-data-semantic-contracts.ts,,{}
inventory-013,五、库存采购 Agent,库存查询与风险,我们的防晒产品还有多少,admin_supported_ask_not_open,existing_ask_direct,P0,inventory_product_family,商品系列库存,对“防晒产品”做受控商品名称包含筛选。当前 Catalog 和独立语义合同已完成接入，按已开放能力计入直接覆盖。,agent_v3_product_inventory_view,core:inventory:products 或 core:inventory:stock,inventory_on_hand,agent_v3_product_inventory_view,0.97,,packages/server-v2/src/ask-data-free-sql/ask-data-semantic-contracts.ts,,{}
inventory-014,五、库存采购 Agent,库存查询与风险,服务用的一次性耗材还够用多久,admin_supported_ask_not_open,existing_ask_direct,P1,inventory_turnover_planning,库存周转与补货事实,库存、批次、消耗和采购事实存在，可计算历史消耗速度、库存可用天数和周转；预测补货仍应披露假设。当前 Catalog 和独立语义合同已完成接入，按已开放能力计入直接覆盖。,ask_data_inventory_turnover_view,core:inventory:stock,inventory_days_of_stock,ask_data_inventory_turnover_view,0.97,src/app/pages/StockManagement.tsx|src/app/pages/PurchaseManagement.tsx,packages/server-v2/src/inventory/inventory.controller.ts,Product|StockBatch|StockMovement|ProcurementOrderItem,"{""Product"":46,""StockBatch"":82,""StockMovement"":570,""ProcurementOrder"":3}"
inventory-018,五、库存采购 Agent,库存查询与风险,有没有产品一直在消耗但一直没有采购,admin_supported_ask_not_open,existing_ask_direct,P1,inventory_turnover_planning,库存周转与补货事实,库存、批次、消耗和采购事实存在，可计算历史消耗速度、库存可用天数和周转；预测补货仍应披露假设。当前 Catalog 和独立语义合同已完成接入，按已开放能力计入直接覆盖。,ask_data_inventory_turnover_view,core:inventory:stock,inventory_procurement_coverage,ask_data_inventory_turnover_view,0.98,src/app/pages/StockManagement.tsx|src/app/pages/PurchaseManagement.tsx,packages/server-v2/src/inventory/inventory.controller.ts,Product|StockBatch|StockMovement|ProcurementOrderItem,"{""Product"":46,""StockBatch"":82,""StockMovement"":570,""ProcurementOrder"":3}"
inventory-020,五、库存采购 Agent,库存查询与风险,哪些产品的周转率最低,admin_supported_ask_not_open,existing_ask_direct,P1,inventory_turnover_planning,库存周转与补货事实,库存、批次、消耗和采购事实存在，可计算历史消耗速度、库存可用天数和周转；预测补货仍应披露假设。当前 Catalog 和独立语义合同已完成接入，按已开放能力计入直接覆盖。,ask_data_inventory_turnover_view,core:inventory:stock,inventory_operational_turnover,ask_data_inventory_turnover_view,0.98,src/app/pages/StockManagement.tsx|src/app/pages/PurchaseManagement.tsx,packages/server-v2/src/inventory/inventory.controller.ts,Product|StockBatch|StockMovement|ProcurementOrderItem,"{""Product"":46,""StockBatch"":82,""StockMovement"":570,""ProcurementOrder"":3}"
inventory-021,五、库存采购 Agent,库存查询与风险,帮我统计一下这季度每个产品的用量,admin_supported_ask_not_open,existing_ask_direct,P1,inventory_turnover_planning,库存周转与补货事实,库存、批次、消耗和采购事实存在，可计算历史消耗速度、库存可用天数和周转；预测补货仍应披露假设。当前 Catalog 和独立语义合同已完成接入，按已开放能力计入直接覆盖。,ask_data_inventory_turnover_view,core:inventory:stock,inventory_outbound_usage,ask_data_inventory_turnover_view,0.98,src/app/pages/StockManagement.tsx|src/app/pages/PurchaseManagement.tsx,packages/server-v2/src/inventory/inventory.controller.ts,Product|StockBatch|StockMovement|ProcurementOrderItem,"{""Product"":46,""StockBatch"":82,""StockMovement"":570,""ProcurementOrder"":3}"
inventory-022,五、库存采购 Agent,库存查询与风险,有没有最近需求突然增加的产品,admin_supported_ask_not_open,existing_ask_direct,P1,inventory_turnover_planning,库存周转与补货事实,库存、批次、消耗和采购事实存在，可计算历史消耗速度、库存可用天数和周转；预测补货仍应披露假设。当前 Catalog 和独立语义合同已完成接入，按已开放能力计入直接覆盖。,ask_data_inventory_turnover_view,core:inventory:stock,inventory_demand_change,ask_data_inventory_turnover_view,0.98,src/app/pages/StockManagement.tsx|src/app/pages/PurchaseManagement.tsx,packages/server-v2/src/inventory/inventory.controller.ts,Product|StockBatch|StockMovement|ProcurementOrderItem,"{""Product"":46,""StockBatch"":82,""StockMovement"":570,""ProcurementOrder"":3}"
inventory-023,五、库存采购 Agent,库存查询与风险,我们的理疗仪器耗材还够用多少次,admin_supported_ask_not_open,existing_facts_new_view,P1,inventory_turnover_planning,库存周转与补货事实,库存、批次、消耗和采购事实存在，可计算历史消耗速度、库存可用天数和周转；预测补货仍应披露假设。,ask_data_inventory_turnover_view,core:inventory:stock,,,0.35,src/app/pages/StockManagement.tsx|src/app/pages/PurchaseManagement.tsx,packages/server-v2/src/inventory/inventory.controller.ts,Product|StockBatch|StockMovement|ProcurementOrderItem,"{""Product"":46,""StockBatch"":82,""StockMovement"":570,""ProcurementOrder"":3}"
inventory-024,五、库存采购 Agent,库存查询与风险,最贵的那几样耗材现在库存怎么样,admin_supported_ask_not_open,existing_facts_new_view,P1,inventory_unit_cost_snapshot,商品单位成本库存快照,当前只有库存总价值，没有可安全排序的商品单位成本。,,,,,0.35,,packages/server-v2/src/ask-data-free-sql/ask-data-semantic-contracts.ts,,{}
inventory-027,五、库存采购 Agent,临期与损耗,帮我看一下30天内要过期的东西,admin_supported_ask_not_open,existing_ask_direct,P0,inventory_expiry_window,库存效期窗口,筛选最近效期在当日至未来 30 天的有库存商品。当前 Catalog 和独立语义合同已完成接入，按已开放能力计入直接覆盖。,agent_v3_product_inventory_view,core:inventory:products 或 core:inventory:stock,inventory_on_hand,agent_v3_product_inventory_view,0.94,,packages/server-v2/src/ask-data-free-sql/ask-data-semantic-contracts.ts,,{}
inventory-028,五、库存采购 Agent,临期与损耗,有没有已经过期的产品还在用,admin_supported_ask_not_open,existing_facts_new_view,P1,expired_batch_consumption_fact,过期批次使用事实,仅有最近效期不能证明过期批次被实际使用，需要批次与消耗流水关联。,,,,,0.35,,packages/server-v2/src/ask-data-free-sql/ask-data-semantic-contracts.ts,,{}
inventory-033,五、库存采购 Agent,临期与损耗,哪些产品最容易过期，需要重点关注,admin_supported_ask_not_open,existing_ask_direct,P0,inventory_expiry_ranking,最近效期排名,“最容易过期”按最近效期升序并限定当前有库存。当前 Catalog 和独立语义合同已完成接入，按已开放能力计入直接覆盖。,agent_v3_product_inventory_view,core:inventory:products 或 core:inventory:stock,inventory_on_hand,agent_v3_product_inventory_view,0.98,,packages/server-v2/src/ask-data-free-sql/ask-data-semantic-contracts.ts,,{}
inventory-035,五、库存采购 Agent,临期与损耗,进货太多导致积压的产品有哪些,admin_supported_ask_not_open,existing_ask_direct,P1,inventory_turnover_planning,库存周转与补货事实,库存、批次、消耗和采购事实存在，可计算历史消耗速度、库存可用天数和周转；预测补货仍应披露假设。当前 Catalog 和独立语义合同已完成接入，按已开放能力计入直接覆盖。,ask_data_inventory_turnover_view,core:inventory:stock,inventory_slow_moving,ask_data_inventory_turnover_view,0.98,src/app/pages/StockManagement.tsx|src/app/pages/PurchaseManagement.tsx,packages/server-v2/src/inventory/inventory.controller.ts,Product|StockBatch|StockMovement|ProcurementOrderItem,"{""Product"":46,""StockBatch"":82,""StockMovement"":570,""ProcurementOrder"":3}"
inventory-036,五、库存采购 Agent,临期与损耗,有没有产品开了之后很长时间还没用完,admin_supported_ask_not_open,existing_facts_new_view,P1,inventory_turnover_planning,库存周转与补货事实,库存、批次、消耗和采购事实存在，可计算历史消耗速度、库存可用天数和周转；预测补货仍应披露假设。,ask_data_inventory_turnover_view,core:inventory:stock,,,0.35,src/app/pages/StockManagement.tsx|src/app/pages/PurchaseManagement.tsx,packages/server-v2/src/inventory/inventory.controller.ts,Product|StockBatch|StockMovement|ProcurementOrderItem,"{""Product"":46,""StockBatch"":82,""StockMovement"":570,""ProcurementOrder"":3}"
inventory-039,五、库存采购 Agent,临期与损耗,最近有没有因为保存不当导致产品变质,admin_supported_ask_not_open,backend_fact_incomplete,P2,unproven_backend_fact,未形成可证明的问数事实,静态页面或对象存在不足以证明题目所需事实；当前未找到完整、可持续且可按门店审计的数据链路。,,,,,0.35,,,,{}
inventory-040,五、库存采购 Agent,临期与损耗,帮我查一下我们的库存损耗率高不高,admin_supported_ask_not_open,sensitive_or_context,boundary,clarification_required,需补充关键查询槽位,可以计算库存损耗率，但“高不高”没有已治理阈值；需要用户提供阈值或比较基线后才能下结论。,agent_v3_stock_movement_view,,inventory_loss_rate,agent_v3_stock_movement_view,0.97,,packages/server-v2/src/ask-data-free-sql/ask-data-semantic-contracts.ts,,{}
inventory-044,五、库存采购 Agent,临期与损耗,帮我算一下如果做促销可以消化多少临期货,admin_supported_ask_not_open,brain_or_advice,boundary,brain_or_advice,建议、预测或内容生成,题目要求方案、预测、归因解释或内容组织，SQL 只能提供事实证据，最终能力应由独立 Ami Brain 或受控报告能力承接。,,,,,0.35,,,,{}
inventory-047,五、库存采购 Agent,采购建议,这个月需要补多少基础护肤品,admin_supported_ask_not_open,brain_or_advice,boundary,brain_or_advice,建议、预测或内容生成,题目要求方案、预测、归因解释或内容组织，SQL 只能提供事实证据，最终能力应由独立 Ami Brain 或受控报告能力承接。,,,,,0.35,,,,{}
inventory-048,五、库存采购 Agent,采购建议,哪些东西需要马上采购不能等了,admin_supported_ask_not_open,brain_or_advice,boundary,brain_or_advice,建议、预测或内容生成,题目要求方案、预测、归因解释或内容组织，SQL 只能提供事实证据，最终能力应由独立 Ami Brain 或受控报告能力承接。,,,,,0.35,,,,{}
inventory-049,五、库存采购 Agent,采购建议,帮我看一下每个供应商上次报价,admin_supported_ask_not_open,existing_ask_direct,P1,supplier_commercial_terms,供应商报价与商业条款,供应商、SKU、有效报价、MOQ、交付天数和账期字段已存在，可建立门店映射后的只读报价视图。当前 Catalog 和独立语义合同已完成接入，按已开放能力计入直接覆盖。,ask_data_supplier_quote_terms_view,core:supply:view,supplier_latest_quote,ask_data_supplier_quote_terms_view,0.98,src/app/pages/supply-platform/SupplyPlatformMvp.tsx,packages/server-v2/src/supply-platform/supply-platform.controller.ts,SupplySupplier|SupplyQuote|SupplyCatalogMapping,"{""SupplySupplier"":3,""SupplyQuote"":25,""SupplyQuoteApproved"":25}"
inventory-050,五、库存采购 Agent,采购建议,我们常用的哪个供应商性价比最好,admin_supported_ask_not_open,sensitive_or_context,boundary,supplier_value_standard_required,供应商性价比标准缺失,当前只有已审批报价和预计交期，没有质量评分；必须先明确按价格、交期或二者组合比较。,ask_data_supplier_quote_terms_view,core:supply:view,,,0.35,src/app/pages/supply-platform/SupplyPlatformMvp.tsx,packages/server-v2/src/ask-data-free-sql/ask-data-intent-parser.ts,SupplySupplier|SupplyQuote|SupplyCatalogMapping,"{""SupplySupplier"":3,""SupplyQuote"":25,""SupplyQuoteApproved"":25}"
inventory-054,五、库存采购 Agent,采购建议,帮我比较一下两个供应商的价格,admin_supported_ask_not_open,existing_ask_direct,P1,supplier_commercial_terms,供应商报价与商业条款,供应商、SKU、有效报价、MOQ、交付天数和账期字段已存在，可建立门店映射后的只读报价视图。当前 Catalog 和独立语义合同已完成接入，按已开放能力计入直接覆盖。,ask_data_supplier_quote_terms_view,core:supply:view,supplier_price_comparison,ask_data_supplier_quote_terms_view,0.98,src/app/pages/supply-platform/SupplyPlatformMvp.tsx,packages/server-v2/src/supply-platform/supply-platform.controller.ts,SupplySupplier|SupplyQuote|SupplyCatalogMapping,"{""SupplySupplier"":3,""SupplyQuote"":25,""SupplyQuoteApproved"":25}"
inventory-055,五、库存采购 Agent,采购建议,帮我估算一下这次采购大概要花多少钱,admin_supported_ask_not_open,brain_or_advice,boundary,brain_or_advice,建议、预测或内容生成,题目要求方案、预测、归因解释或内容组织，SQL 只能提供事实证据，最终能力应由独立 Ami Brain 或受控报告能力承接。,,,,,0.35,,,,{}
inventory-058,五、库存采购 Agent,采购建议,采购时有没有什么需要特别注意的资质问题,admin_supported_ask_not_open,brain_or_advice,boundary,brain_or_advice,建议、预测或内容生成,题目要求方案、预测、归因解释或内容组织，SQL 只能提供事实证据，最终能力应由独立 Ami Brain 或受控报告能力承接。,,,,,0.35,,,,{}
inventory-061,五、库存采购 Agent,采购建议,这个月原材料价格有没有上涨趋势,admin_supported_ask_not_open,backend_fact_incomplete,P1,supplier_quote_history_missing,供应商报价历史序列缺失,当前同 SKU 只有当前已审批报价横截面，缺少至少两个时间点的可比历史序列，不得用不同供应商报价伪造价格趋势。,ask_data_supplier_quote_terms_view,core:supply:view,,,0.35,src/app/pages/supply-platform/SupplyPlatformMvp.tsx,packages/server-v2/src/supply-platform/supply-platform.controller.ts,SupplySupplier|SupplyQuote|SupplyCatalogMapping,"{""SupplySupplier"":3,""SupplyQuote"":25,""SupplyQuoteApproved"":25}"
inventory-063,五、库存采购 Agent,采购建议,帮我看一下各品类的最低采购量要求,admin_supported_ask_not_open,existing_ask_direct,P1,supplier_commercial_terms,供应商报价与商业条款,供应商、SKU、有效报价、MOQ、交付天数和账期字段已存在，可建立门店映射后的只读报价视图。当前 Catalog 和独立语义合同已完成接入，按已开放能力计入直接覆盖。,ask_data_supplier_quote_terms_view,core:supply:view,supplier_minimum_order_quantity,ask_data_supplier_quote_terms_view,0.98,src/app/pages/supply-platform/SupplyPlatformMvp.tsx,packages/server-v2/src/supply-platform/supply-platform.controller.ts,SupplySupplier|SupplyQuote|SupplyCatalogMapping,"{""SupplySupplier"":3,""SupplyQuote"":25,""SupplyQuoteApproved"":25}"
inventory-064,五、库存采购 Agent,采购建议,我们和供应商的账期是怎么约定的,admin_supported_ask_not_open,existing_ask_direct,P1,supplier_commercial_terms,供应商报价与商业条款,供应商、SKU、有效报价、MOQ、交付天数和账期字段已存在，可建立门店映射后的只读报价视图。当前 Catalog 和独立语义合同已完成接入，按已开放能力计入直接覆盖。,ask_data_supplier_quote_terms_view,core:supply:view,supplier_payment_terms,ask_data_supplier_quote_terms_view,0.98,src/app/pages/supply-platform/SupplyPlatformMvp.tsx,packages/server-v2/src/supply-platform/supply-platform.controller.ts,SupplySupplier|SupplyQuote|SupplyCatalogMapping,"{""SupplySupplier"":3,""SupplyQuote"":25,""SupplyQuoteApproved"":25}"
inventory-065,五、库存采购 Agent,采购建议,有没有哪个产品可以换个供应商降低成本,admin_supported_ask_not_open,existing_ask_direct,P1,supplier_commercial_terms,供应商报价与商业条款,供应商、SKU、有效报价、MOQ、交付天数和账期字段已存在，可建立门店映射后的只读报价视图。当前 Catalog 和独立语义合同已完成接入，按已开放能力计入直接覆盖。,ask_data_supplier_quote_terms_view,core:supply:view,supplier_price_comparison,ask_data_supplier_quote_terms_view,0.98,src/app/pages/supply-platform/SupplyPlatformMvp.tsx,packages/server-v2/src/supply-platform/supply-platform.controller.ts,SupplySupplier|SupplyQuote|SupplyCatalogMapping,"{""SupplySupplier"":3,""SupplyQuote"":25,""SupplyQuoteApproved"":25}"
inventory-071,五、库存采购 Agent,消耗分析,这个月哪个项目消耗耗材最多,admin_supported_ask_not_open,existing_ask_direct,P0,project_consumption_metric,项目实际耗材,按项目汇总 actual_qty 并降序返回耗材最多的项目。当前 Catalog 和独立语义合同已完成接入，按已开放能力计入直接覆盖。,ask_data_bom_consumption_variance_view,core:inventory:consumption,bom_variance,ask_data_bom_consumption_variance_view,0.98,,packages/server-v2/src/ask-data-free-sql/ask-data-semantic-contracts.ts,,{}
inventory-072,五、库存采购 Agent,消耗分析,平均每个客人消耗多少耗材,admin_supported_ask_not_open,existing_facts_new_view,P1,customer_service_consumption,客户与服务耗材联合事实,服务任务、订单项目和耗材流水可关联客户与项目，需在语义视图内先固定归属和去重，避免自由 JOIN 放大金额。,ask_data_service_consumption_unit_economics_view,core:inventory:consumption,,,0.35,src/app/pages/ServiceConsumption.tsx,packages/server-v2/src/inventory/inventory.controller.ts,ServiceTask|OrderItem|StockMovement|ProjectBomItem,"{""ServiceTask"":237,""ProductOrder"":670,""StockMovementServiceConsume"":363,""ProjectBomItem"":81}"
inventory-074,五、库存采购 Agent,消耗分析,有没有美容师用料比标准多很多的情况,admin_supported_ask_not_open,existing_facts_new_view,P1,staff_consumption_efficiency,员工耗材使用效率,BOM 和服务消耗事实存在，但当前 BOM 偏差视图没有员工维度，需要通过服务任务建立受控员工归属。,ask_data_staff_consumption_efficiency_view,core:inventory:consumption,,,0.35,src/app/pages/ServiceConsumption.tsx,packages/server-v2/src/inventory/inventory.controller.ts,StockMovement|ProjectBomItem|ServiceTask|Beautician,"{""StockMovementServiceConsume"":363,""ProjectBomItem"":81,""ServiceTask"":237,""Beautician"":14}"
inventory-075,五、库存采购 Agent,消耗分析,这个月各项目的耗材成本各是多少,admin_supported_ask_not_open,existing_facts_new_view,P1,customer_service_consumption,客户与服务耗材联合事实,服务任务、订单项目和耗材流水可关联客户与项目，需在语义视图内先固定归属和去重，避免自由 JOIN 放大金额。,ask_data_service_consumption_unit_economics_view,core:inventory:consumption,,,0.35,src/app/pages/ServiceConsumption.tsx,packages/server-v2/src/inventory/inventory.controller.ts,ServiceTask|OrderItem|StockMovement|ProjectBomItem,"{""ServiceTask"":237,""ProductOrder"":670,""StockMovementServiceConsume"":363,""ProjectBomItem"":81}"
inventory-076,五、库存采购 Agent,消耗分析,帮我看一下耗材成本占服务收入的比例,admin_supported_ask_not_open,existing_facts_new_view,P1,product_project_margin,商品与项目经营毛利,订单明细、商品成本、项目销售和 BOM 成本均存在，但当前利润视图只有已确认月结总额，缺少商品/项目粒度的治理口径。,ask_data_item_margin_view,core:operation-profit:view,,,0.35,src/app/pages/finance/ProfitWorkbench.tsx|src/app/pages/ServiceConsumption.tsx,packages/server-v2/src/orders/orders.controller.ts|packages/server-v2/src/finance-metrics/finance-metrics.controller.ts,OrderItem|Product|ProjectBomItem|StockMovement,"{""ProductOrder"":670,""Product"":46,""ProjectBomItem"":81,""StockMovement"":570}"
inventory-077,五、库存采购 Agent,消耗分析,有没有耗材被浪费或者使用不规范的情况,admin_supported_ask_not_open,existing_ask_direct,P0,bom_abnormal_consumption,耗材浪费与不规范,使用绝对偏差率超过 20% 的已治理异常标记，标准缺失时不伪造结论。当前 Catalog 和独立语义合同已完成接入，按已开放能力计入直接覆盖。,ask_data_bom_consumption_variance_view,core:inventory:consumption,bom_variance,ask_data_bom_consumption_variance_view,0.97,,packages/server-v2/src/ask-data-free-sql/ask-data-semantic-contracts.ts,,{}
inventory-079,五、库存采购 Agent,消耗分析,帮我分析一下哪个项目的耗材成本最高,admin_supported_ask_not_open,brain_or_advice,boundary,brain_or_advice,建议、预测或内容生成,题目要求方案、预测、归因解释或内容组织，SQL 只能提供事实证据，最终能力应由独立 Ami Brain 或受控报告能力承接。,,,,,0.35,,,,{}
inventory-080,五、库存采购 Agent,消耗分析,如果接待量增加20%，库存够用吗,admin_supported_ask_not_open,brain_or_advice,boundary,brain_or_advice,建议、预测或内容生成,题目要求方案、预测、归因解释或内容组织，SQL 只能提供事实证据，最终能力应由独立 Ami Brain 或受控报告能力承接。,,,,,0.35,,,,{}
inventory-081,五、库存采购 Agent,消耗分析,我们每天大概消耗多少清洁类耗材,admin_supported_ask_not_open,existing_facts_new_view,P1,inventory_turnover_planning,库存周转与补货事实,库存、批次、消耗和采购事实存在，可计算历史消耗速度、库存可用天数和周转；预测补货仍应披露假设。,ask_data_inventory_turnover_view,core:inventory:stock,,,0.35,src/app/pages/StockManagement.tsx|src/app/pages/PurchaseManagement.tsx,packages/server-v2/src/inventory/inventory.controller.ts,Product|StockBatch|StockMovement|ProcurementOrderItem,"{""Product"":46,""StockBatch"":82,""StockMovement"":570,""ProcurementOrder"":3}"
inventory-082,五、库存采购 Agent,消耗分析,最近消耗异常的产品有没有,admin_supported_ask_not_open,existing_ask_direct,P0,bom_abnormal_product,产品异常消耗,按商品聚合已标记异常的 BOM 实际消耗偏差。当前 Catalog 和独立语义合同已完成接入，按已开放能力计入直接覆盖。,ask_data_bom_consumption_variance_view,core:inventory:consumption,bom_variance,ask_data_bom_consumption_variance_view,0.98,,packages/server-v2/src/ask-data-free-sql/ask-data-semantic-contracts.ts,,{}
inventory-084,五、库存采购 Agent,消耗分析,有没有可以用替代品降低耗材成本的地方,admin_supported_ask_not_open,backend_fact_incomplete,P2,unproven_backend_fact,未形成可证明的问数事实,静态页面或对象存在不足以证明题目所需事实；当前未找到完整、可持续且可按门店审计的数据链路。,,,,,0.35,,,,{}
inventory-085,五、库存采购 Agent,消耗分析,这个月每日平均耗材费用是多少,admin_supported_ask_not_open,existing_ask_direct,P1,inventory_turnover_planning,库存周转与补货事实,库存、批次、消耗和采购事实存在，可计算历史消耗速度、库存可用天数和周转；预测补货仍应披露假设。当前 Catalog 和独立语义合同已完成接入，按已开放能力计入直接覆盖。,ask_data_inventory_turnover_view,core:inventory:stock,inventory_outbound_cost_estimate,ask_data_inventory_turnover_view,0.98,src/app/pages/StockManagement.tsx|src/app/pages/PurchaseManagement.tsx,packages/server-v2/src/inventory/inventory.controller.ts,Product|StockBatch|StockMovement|ProcurementOrderItem,"{""Product"":46,""StockBatch"":82,""StockMovement"":570,""ProcurementOrder"":3}"
inventory-087,五、库存采购 Agent,消耗分析,哪种产品的成本控制空间最大,admin_supported_ask_not_open,brain_or_advice,boundary,brain_or_advice,建议、预测或内容生成,题目要求方案、预测、归因解释或内容组织，SQL 只能提供事实证据，最终能力应由独立 Ami Brain 或受控报告能力承接。,,,,,0.35,,,,{}
inventory-088,五、库存采购 Agent,消耗分析,有没有耗材使用没有按规范记录的情况,admin_supported_ask_not_open,backend_fact_incomplete,P2,unproven_backend_fact,未形成可证明的问数事实,静态页面或对象存在不足以证明题目所需事实；当前未找到完整、可持续且可按门店审计的数据链路。,,,,,0.35,,,,{}
inventory-089,五、库存采购 Agent,消耗分析,帮我对比一下各美容师的耗材使用效率,admin_supported_ask_not_open,existing_facts_new_view,P1,staff_consumption_efficiency,员工耗材使用效率,BOM 和服务消耗事实存在，但当前 BOM 偏差视图没有员工维度，需要通过服务任务建立受控员工归属。,ask_data_staff_consumption_efficiency_view,core:inventory:consumption,,,0.35,src/app/pages/ServiceConsumption.tsx,packages/server-v2/src/inventory/inventory.controller.ts,StockMovement|ProjectBomItem|ServiceTask|Beautician,"{""StockMovementServiceConsume"":363,""ProjectBomItem"":81,""ServiceTask"":237,""Beautician"":14}"
finance-001,六、财务风控 Agent,收入与对账,今天收了多少钱,admin_supported_ask_not_open,existing_ask_direct,P0,payment_total_metric,实际收款,“收了多少钱”按支付记录实收金额统计，不等同订单营业额。当前 Catalog 和独立语义合同已完成接入，按已开放能力计入直接覆盖。,agent_v3_payment_refund_view,core:finance:view,payment_flow,agent_v3_payment_refund_view,0.98,,packages/server-v2/src/ask-data-free-sql/ask-data-semantic-contracts.ts,,{}
finance-004,六、财务风控 Agent,收入与对账,帮我做一个今天的收入汇总,admin_supported_ask_not_open,existing_ask_direct,P0,daily_finance_summary,日收入汇总,使用日结收入、实收、退款、净收、订单数和客户数组织汇总。当前 Catalog 和独立语义合同已完成接入，按已开放能力计入直接覆盖。,agent_v3_daily_settlement_view,core:finance:view,daily_net_receipts,agent_v3_daily_settlement_view,0.98,,packages/server-v2/src/ask-data-free-sql/ask-data-semantic-contracts.ts,,{}
finance-006,六、财务风控 Agent,收入与对账,这周每天的收入情况给我看一下,admin_supported_ask_not_open,existing_ask_direct,P0,daily_income_trend,每日收入趋势,按 settlement_date 返回本周每日收入与净收。当前 Catalog 和独立语义合同已完成接入，按已开放能力计入直接覆盖。,agent_v3_daily_settlement_view,core:finance:view,daily_net_receipts,agent_v3_daily_settlement_view,0.98,,packages/server-v2/src/ask-data-free-sql/ask-data-semantic-contracts.ts,,{}
finance-007,六、财务风控 Agent,收入与对账,今天的收入和预期差多少,admin_supported_ask_not_open,backend_fact_incomplete,P2,financial_governance_missing,现金流、预算、手续费与审批治理,订单、支付和退款事实存在，但题目要求的预算、渠道手续费、审批状态、现金流账户或跨月资金治理没有完整事实模型。,,core:finance:view,,,0.35,src/app/pages/finance/FinanceOverview.tsx,packages/server-v2/src/finance-metrics/finance-metrics.controller.ts,ProductOrder|PaymentRecord|RefundRecord|DailySettlement,"{""ProductOrder"":670,""PaymentRecord"":671,""RefundRecord"":42,""DailySettlement"":45}"
finance-008,六、财务风控 Agent,收入与对账,这个月比上个月多了还是少了,admin_supported_ask_not_open,sensitive_or_context,boundary,clarification_required,需补充关键查询槽位,问题只说明本月与上月增减，未说明营业额、实收、净收或其他指标；Ask 页面没有题库中的“财务 Agent”隐含上下文。,,,,,0.35,,packages/server-v2/src/ask-data-free-sql/ask-data-semantic-contracts.ts,,{}
finance-011,六、财务风控 Agent,收入与对账,这个月储值收款有多少,admin_supported_ask_not_open,existing_ask_direct,P0,stored_value_receipt_metric,储值收款,按储值相关支付方式汇总当月收款。当前 Catalog 和独立语义合同已完成接入，按已开放能力计入直接覆盖。,agent_v3_payment_refund_view,core:finance:view,payment_flow,agent_v3_payment_refund_view,0.95,,packages/server-v2/src/ask-data-free-sql/ask-data-semantic-contracts.ts,,{}
finance-016,六、财务风控 Agent,收入与对账,这个月次卡销售了多少金额,admin_supported_ask_not_open,existing_facts_new_view,P1,card_sales_fact,次卡销售时间事实,次卡资产视图有购卡实收但没有购卡时间，不能正确统计“这个月”。,,,,,0.35,,packages/server-v2/src/ask-data-free-sql/ask-data-semantic-contracts.ts,,{}
finance-017,六、财务风控 Agent,收入与对账,有没有收款没有对应服务记录的情况,admin_supported_ask_not_open,existing_ask_direct,P0,payment_service_reconciliation,收款与服务对账,查询收款无对应服务的已检测对账异常，不从订单备注推断。当前 Catalog 和独立语义合同已完成接入，按已开放能力计入直接覆盖。,ask_data_reconciliation_issue_view,core:finance:view,reconciliation_issue,ask_data_reconciliation_issue_view,0.96,,packages/server-v2/src/ask-data-free-sql/ask-data-semantic-contracts.ts,,{}
finance-018,六、财务风控 Agent,收入与对账,今天所有员工的收款加起来多少,admin_supported_ask_not_open,existing_facts_new_view,P1,staff_customer_outcomes,员工客户经营结果,订单、服务任务、员工、客户、反馈和提成事实可以形成受控员工结果视图；必须固定客户归属与去重口径，不读取反馈原文。,ask_data_staff_customer_outcome_view,core:beautician-performance:view,,,0.35,src/app/pages/operation-profit/BeauticianPerformance.tsx,packages/server-v2/src/orders/orders.controller.ts|packages/server-v2/src/customer-feedback/customer-feedback.controller.ts,OrderItem|ServiceTask|Customer|CustomerServiceFeedback|CommissionRecord,"{""ProductOrder"":670,""ServiceTask"":237,""Customer"":1253,""CustomerServiceFeedback"":0,""CommissionRecord"":148}"
finance-019,六、财务风控 Agent,收入与对账,帮我看一下今天不同支付渠道的手续费,admin_supported_ask_not_open,backend_fact_incomplete,P2,financial_governance_missing,现金流、预算、手续费与审批治理,订单、支付和退款事实存在，但题目要求的预算、渠道手续费、审批状态、现金流账户或跨月资金治理没有完整事实模型。,,core:finance:view,,,0.35,src/app/pages/finance/FinanceOverview.tsx,packages/server-v2/src/finance-metrics/finance-metrics.controller.ts,ProductOrder|PaymentRecord|RefundRecord|DailySettlement,"{""ProductOrder"":670,""PaymentRecord"":671,""RefundRecord"":42,""DailySettlement"":45}"
finance-020,六、财务风控 Agent,收入与对账,这个月到账的钱和开单的钱差多少,admin_supported_ask_not_open,existing_ask_direct,P0,payment_order_difference,到账与开单差额,使用同一日结视图中的 paid_amount 与 revenue_amount 汇总并计算差额，避免支付和订单明细 JOIN 放大。当前 Catalog 和独立语义合同已完成接入，按已开放能力计入直接覆盖。,agent_v3_daily_settlement_view,core:finance:view,payment_order_difference,agent_v3_daily_settlement_view,0.98,,packages/server-v2/src/ask-data-free-sql/ask-data-semantic-contracts.ts,,{}
finance-021,六、财务风控 Agent,收入与对账,有没有客人预付了但还没使用的金额,admin_supported_ask_not_open,existing_ask_direct,P0,prepaid_unused_liability,未履约预付金,使用最新 confirmed 会员履约负债快照；无快照时明确提示未确认。当前 Catalog 和独立语义合同已完成接入，按已开放能力计入直接覆盖。,ask_data_member_liability_view,core:prepaid-liability:view,member_liability,ask_data_member_liability_view,0.94,,packages/server-v2/src/ask-data-free-sql/ask-data-semantic-contracts.ts,,{}
finance-025,六、财务风控 Agent,收入与对账,帮我出一份这周的收入明细报表,admin_supported_ask_not_open,brain_or_advice,boundary,brain_or_advice,建议、预测或内容生成,题目要求方案、预测、归因解释或内容组织，SQL 只能提供事实证据，最终能力应由独立 Ami Brain 或受控报告能力承接。,,,,,0.35,,,,{}
finance-027,六、财务风控 Agent,成本与毛利,帮我看一下各项目的毛利情况,admin_supported_ask_not_open,existing_facts_new_view,P1,product_project_margin,商品与项目经营毛利,订单明细、商品成本、项目销售和 BOM 成本均存在，但当前利润视图只有已确认月结总额，缺少商品/项目粒度的治理口径。,ask_data_item_margin_view,core:operation-profit:view,project_sales,agent_v3_project_service_sales_view,0.98,src/app/pages/finance/ProfitWorkbench.tsx|src/app/pages/ServiceConsumption.tsx,packages/server-v2/src/orders/orders.controller.ts|packages/server-v2/src/finance-metrics/finance-metrics.controller.ts,OrderItem|Product|ProjectBomItem|StockMovement,"{""ProductOrder"":670,""Product"":46,""ProjectBomItem"":81,""StockMovement"":570}"
finance-028,六、财务风控 Agent,成本与毛利,哪个项目的成本最高,admin_supported_ask_not_open,existing_facts_new_view,P1,product_project_margin,商品与项目经营毛利,订单明细、商品成本、项目销售和 BOM 成本均存在，但当前利润视图只有已确认月结总额，缺少商品/项目粒度的治理口径。,ask_data_item_margin_view,core:operation-profit:view,,,0.35,src/app/pages/finance/ProfitWorkbench.tsx|src/app/pages/ServiceConsumption.tsx,packages/server-v2/src/orders/orders.controller.ts|packages/server-v2/src/finance-metrics/finance-metrics.controller.ts,OrderItem|Product|ProjectBomItem|StockMovement,"{""ProductOrder"":670,""Product"":46,""ProjectBomItem"":81,""StockMovement"":570}"
finance-029,六、财务风控 Agent,成本与毛利,这个月耗材成本占了多少,admin_supported_ask_not_open,existing_ask_direct,P0,material_cost_ratio,耗材成本占比,使用 confirmed 利润快照材料成本除以营业收入，不读取 draft。当前 Catalog 和独立语义合同已完成接入，按已开放能力计入直接覆盖。,ask_data_confirmed_profit_view,core:operation-profit:view,confirmed_profit,ask_data_confirmed_profit_view,0.97,,packages/server-v2/src/ask-data-free-sql/ask-data-semantic-contracts.ts,,{}
finance-033,六、财务风控 Agent,成本与毛利,有没有哪个项目的毛利异常低,admin_supported_ask_not_open,existing_facts_new_view,P1,product_project_margin,商品与项目经营毛利,订单明细、商品成本、项目销售和 BOM 成本均存在，但当前利润视图只有已确认月结总额，缺少商品/项目粒度的治理口径。,ask_data_item_margin_view,core:operation-profit:view,project_sales,agent_v3_project_service_sales_view,0.98,src/app/pages/finance/ProfitWorkbench.tsx|src/app/pages/ServiceConsumption.tsx,packages/server-v2/src/orders/orders.controller.ts|packages/server-v2/src/finance-metrics/finance-metrics.controller.ts,OrderItem|Product|ProjectBomItem|StockMovement,"{""ProductOrder"":670,""Product"":46,""ProjectBomItem"":81,""StockMovement"":570}"
finance-037,六、财务风控 Agent,成本与毛利,有没有成本项目异常增加的情况,admin_supported_ask_not_open,existing_ask_direct,P0,operating_cost_change,成本项目异常增加,按成本类别比较当期与上一可比期金额变化。当前 Catalog 和独立语义合同已完成接入，按已开放能力计入直接覆盖。,ask_data_operating_cost_view,core:operation-cost:view,operating_cost,ask_data_operating_cost_view,0.98,,packages/server-v2/src/ask-data-free-sql/ask-data-semantic-contracts.ts,,{}
finance-039,六、财务风控 Agent,成本与毛利,这个月打折优惠减少了多少收入,admin_supported_ask_not_open,existing_facts_new_view,P1,discount_refund_governance,折扣与退款事实,订单折扣、退款状态、创建/完成时间、客户和服务任务均有结构化字段，可新增不含原因原文与审批备注的治理视图。,ask_data_discount_refund_governance_view,core:finance:view,,,0.35,src/app/pages/finance/FinanceOverview.tsx|src/app/pages/finance/CashierReconciliation.tsx,packages/server-v2/src/orders/orders.controller.ts,ProductOrder|RefundRecord|OrderItem|ServiceTask|Beautician,"{""ProductOrder"":670,""RefundRecord"":42,""ServiceTask"":237,""Beautician"":14}"
finance-041,六、财务风控 Agent,成本与毛利,有没有成本控制的空间,admin_supported_ask_not_open,backend_fact_incomplete,P2,unproven_backend_fact,未形成可证明的问数事实,静态页面或对象存在不足以证明题目所需事实；当前未找到完整、可持续且可按门店审计的数据链路。,,,,,0.35,,,,{}
finance-043,六、财务风控 Agent,成本与毛利,帮我算一下盈亏平衡点，每月至少要做多少收入,admin_supported_ask_not_open,existing_facts_new_view,P1,break_even_revenue_snapshot,盈亏平衡收入快照,经营成本视图允许联查，但 confirmed 利润视图禁止 JOIN；必须先建立经审计的盈亏平衡语义快照，不得在自由 SQL 中临时拼接。,,,,,0.35,,packages/server-v2/src/ask-data-free-sql/ask-data-semantic-contracts.ts,,{}
finance-044,六、财务风控 Agent,成本与毛利,产品销售的毛利和服务项目的毛利哪个高,admin_supported_ask_not_open,existing_facts_new_view,P1,product_project_margin,商品与项目经营毛利,订单明细、商品成本、项目销售和 BOM 成本均存在，但当前利润视图只有已确认月结总额，缺少商品/项目粒度的治理口径。,ask_data_item_margin_view,core:operation-profit:view,project_sales,agent_v3_project_service_sales_view,0.98,src/app/pages/finance/ProfitWorkbench.tsx|src/app/pages/ServiceConsumption.tsx,packages/server-v2/src/orders/orders.controller.ts|packages/server-v2/src/finance-metrics/finance-metrics.controller.ts,OrderItem|Product|ProjectBomItem|StockMovement,"{""ProductOrder"":670,""Product"":46,""ProjectBomItem"":81,""StockMovement"":570}"
finance-045,六、财务风控 Agent,成本与毛利,有没有低价项目其实在亏损,admin_supported_ask_not_open,existing_facts_new_view,P1,product_project_margin,商品与项目经营毛利,订单明细、商品成本、项目销售和 BOM 成本均存在，但当前利润视图只有已确认月结总额，缺少商品/项目粒度的治理口径。,ask_data_item_margin_view,core:operation-profit:view,,,0.35,src/app/pages/finance/ProfitWorkbench.tsx|src/app/pages/ServiceConsumption.tsx,packages/server-v2/src/orders/orders.controller.ts|packages/server-v2/src/finance-metrics/finance-metrics.controller.ts,OrderItem|Product|ProjectBomItem|StockMovement,"{""ProductOrder"":670,""Product"":46,""ProjectBomItem"":81,""StockMovement"":570}"
finance-049,六、财务风控 Agent,成本与毛利,有没有可以在不影响服务的情况下降低成本的建议,admin_supported_ask_not_open,brain_or_advice,boundary,brain_or_advice,建议、预测或内容生成,题目要求方案、预测、归因解释或内容组织，SQL 只能提供事实证据，最终能力应由独立 Ami Brain 或受控报告能力承接。,,,,,0.35,,,,{}
finance-050,六、财务风控 Agent,成本与毛利,帮我做一个本月的成本利润分析报告,admin_supported_ask_not_open,brain_or_advice,boundary,brain_or_advice,建议、预测或内容生成,题目要求方案、预测、归因解释或内容组织，SQL 只能提供事实证据，最终能力应由独立 Ami Brain 或受控报告能力承接。,,,,,0.35,,,,{}
finance-052,六、财务风控 Agent,退款与折扣,今天有没有退款申请需要处理,admin_supported_ask_not_open,existing_facts_new_view,P1,discount_refund_governance,折扣与退款事实,订单折扣、退款状态、创建/完成时间、客户和服务任务均有结构化字段，可新增不含原因原文与审批备注的治理视图。,ask_data_discount_refund_governance_view,core:finance:view,,,0.35,src/app/pages/finance/FinanceOverview.tsx|src/app/pages/finance/CashierReconciliation.tsx,packages/server-v2/src/orders/orders.controller.ts,ProductOrder|RefundRecord|OrderItem|ServiceTask|Beautician,"{""ProductOrder"":670,""RefundRecord"":42,""ServiceTask"":237,""Beautician"":14}"
finance-054,六、财务风控 Agent,退款与折扣,哪个美容师的退款率最高,admin_supported_ask_not_open,existing_facts_new_view,P1,discount_refund_governance,折扣与退款事实,订单折扣、退款状态、创建/完成时间、客户和服务任务均有结构化字段，可新增不含原因原文与审批备注的治理视图。,ask_data_discount_refund_governance_view,core:finance:view,,,0.35,src/app/pages/finance/FinanceOverview.tsx|src/app/pages/finance/CashierReconciliation.tsx,packages/server-v2/src/orders/orders.controller.ts,ProductOrder|RefundRecord|OrderItem|ServiceTask|Beautician,"{""ProductOrder"":670,""RefundRecord"":42,""ServiceTask"":237,""Beautician"":14}"
finance-056,六、财务风控 Agent,退款与折扣,这个月打折优惠批了多少,admin_supported_ask_not_open,backend_fact_incomplete,P1,promotion_redemption_events,优惠发放与核销事件闭环,Promotion 有配置与累计计数，但开发门店当前 usedCount 合计为 0，且缺少逐次发放、核销、审批与授权事件，不能证明周期和滥用。,,core:marketing:view,,,0.35,src/app/pages/PromotionManagement.tsx,packages/server-v2/src/marketing/marketing.controller.ts,Promotion|ProductOrder,"{""Promotion"":30,""PromotionUsed"":0}"
finance-060,六、财务风控 Agent,退款与折扣,退款走了什么审批流程，合规吗,admin_supported_ask_not_open,backend_fact_incomplete,P2,financial_governance_missing,现金流、预算、手续费与审批治理,订单、支付和退款事实存在，但题目要求的预算、渠道手续费、审批状态、现金流账户或跨月资金治理没有完整事实模型。,,core:finance:view,,,0.35,src/app/pages/finance/FinanceOverview.tsx,packages/server-v2/src/finance-metrics/finance-metrics.controller.ts,ProductOrder|PaymentRecord|RefundRecord|DailySettlement,"{""ProductOrder"":670,""PaymentRecord"":671,""RefundRecord"":42,""DailySettlement"":45}"
finance-061,六、财务风控 Agent,退款与折扣,有没有重复退款或者重复消费的情况,admin_supported_ask_not_open,existing_ask_direct,P0,duplicate_charge_refund_issue,重复收费与退款异常,只查询已检测的重复消费/重复退款对账异常。当前 Catalog 和独立语义合同已完成接入，按已开放能力计入直接覆盖。,ask_data_reconciliation_issue_view,core:finance:view,reconciliation_issue,ask_data_reconciliation_issue_view,0.96,,packages/server-v2/src/ask-data-free-sql/ask-data-semantic-contracts.ts,,{}
finance-063,六、财务风控 Agent,退款与折扣,退款是退到原支付方式还是储值余额,admin_supported_ask_not_open,backend_fact_incomplete,P2,unproven_backend_fact,未形成可证明的问数事实,静态页面或对象存在不足以证明题目所需事实；当前未找到完整、可持续且可按门店审计的数据链路。,agent_v3_customer_balance_view,core:prepaid-liability:view,customer_balance|payment_flow,agent_v3_customer_balance_view|agent_v3_payment_refund_view,0.56,,,,{}
finance-064,六、财务风控 Agent,退款与折扣,帮我看一下所有待审批的退款申请,admin_supported_ask_not_open,backend_fact_incomplete,P2,financial_governance_missing,现金流、预算、手续费与审批治理,订单、支付和退款事实存在，但题目要求的预算、渠道手续费、审批状态、现金流账户或跨月资金治理没有完整事实模型。,,core:finance:view,,,0.35,src/app/pages/finance/FinanceOverview.tsx,packages/server-v2/src/finance-metrics/finance-metrics.controller.ts,ProductOrder|PaymentRecord|RefundRecord|DailySettlement,"{""ProductOrder"":670,""PaymentRecord"":671,""RefundRecord"":42,""DailySettlement"":45}"
finance-066,六、财务风控 Agent,退款与折扣,有没有退款后马上重新消费的异常情况,admin_supported_ask_not_open,existing_facts_new_view,P1,discount_refund_governance,折扣与退款事实,订单折扣、退款状态、创建/完成时间、客户和服务任务均有结构化字段，可新增不含原因原文与审批备注的治理视图。,ask_data_discount_refund_governance_view,core:finance:view,,,0.35,src/app/pages/finance/FinanceOverview.tsx|src/app/pages/finance/CashierReconciliation.tsx,packages/server-v2/src/orders/orders.controller.ts,ProductOrder|RefundRecord|OrderItem|ServiceTask|Beautician,"{""ProductOrder"":670,""RefundRecord"":42,""ServiceTask"":237,""Beautician"":14}"
finance-067,六、财务风控 Agent,退款与折扣,员工自主给客户打折的权限是多少,admin_supported_ask_not_open,backend_fact_incomplete,P1,promotion_redemption_events,优惠发放与核销事件闭环,Promotion 有配置与累计计数，但开发门店当前 usedCount 合计为 0，且缺少逐次发放、核销、审批与授权事件，不能证明周期和滥用。,,core:marketing:view,,,0.35,src/app/pages/PromotionManagement.tsx,packages/server-v2/src/marketing/marketing.controller.ts,Promotion|ProductOrder,"{""Promotion"":30,""PromotionUsed"":0}"
finance-068,六、财务风控 Agent,退款与折扣,这个月免单或赠送了多少金额,admin_supported_ask_not_open,backend_fact_incomplete,P1,promotion_redemption_events,优惠发放与核销事件闭环,Promotion 有配置与累计计数，但开发门店当前 usedCount 合计为 0，且缺少逐次发放、核销、审批与授权事件，不能证明周期和滥用。,,core:marketing:view,,,0.35,src/app/pages/PromotionManagement.tsx,packages/server-v2/src/marketing/marketing.controller.ts,Promotion|ProductOrder,"{""Promotion"":30,""PromotionUsed"":0}"
finance-069,六、财务风控 Agent,退款与折扣,有没有退款但服务已经做完的纠纷,admin_supported_ask_not_open,existing_facts_new_view,P1,discount_refund_governance,折扣与退款事实,订单折扣、退款状态、创建/完成时间、客户和服务任务均有结构化字段，可新增不含原因原文与审批备注的治理视图。,ask_data_discount_refund_governance_view,core:finance:view,,,0.35,src/app/pages/finance/FinanceOverview.tsx|src/app/pages/finance/CashierReconciliation.tsx,packages/server-v2/src/orders/orders.controller.ts,ProductOrder|RefundRecord|OrderItem|ServiceTask|Beautician,"{""ProductOrder"":670,""RefundRecord"":42,""ServiceTask"":237,""Beautician"":14}"
finance-070,六、财务风控 Agent,退款与折扣,帮我统计一下本月折扣总金额和折扣率,admin_supported_ask_not_open,existing_facts_new_view,P1,discount_refund_governance,折扣与退款事实,订单折扣、退款状态、创建/完成时间、客户和服务任务均有结构化字段，可新增不含原因原文与审批备注的治理视图。,ask_data_discount_refund_governance_view,core:finance:view,,,0.35,src/app/pages/finance/FinanceOverview.tsx|src/app/pages/finance/CashierReconciliation.tsx,packages/server-v2/src/orders/orders.controller.ts,ProductOrder|RefundRecord|OrderItem|ServiceTask|Beautician,"{""ProductOrder"":670,""RefundRecord"":42,""ServiceTask"":237,""Beautician"":14}"
finance-071,六、财务风控 Agent,退款与折扣,有没有退款影响到员工提成的情况,admin_supported_ask_not_open,existing_facts_new_view,P1,staff_customer_outcomes,员工客户经营结果,订单、服务任务、员工、客户、反馈和提成事实可以形成受控员工结果视图；必须固定客户归属与去重口径，不读取反馈原文。,ask_data_staff_customer_outcome_view,core:beautician-performance:view,staff_performance,ask_data_staff_performance_view,0.98,src/app/pages/operation-profit/BeauticianPerformance.tsx,packages/server-v2/src/orders/orders.controller.ts|packages/server-v2/src/customer-feedback/customer-feedback.controller.ts,OrderItem|ServiceTask|Customer|CustomerServiceFeedback|CommissionRecord,"{""ProductOrder"":670,""ServiceTask"":237,""Customer"":1253,""CustomerServiceFeedback"":0,""CommissionRecord"":148}"
finance-072,六、财务风控 Agent,退款与折扣,退款申请的平均处理时间是多久,admin_supported_ask_not_open,existing_facts_new_view,P1,discount_refund_governance,折扣与退款事实,订单折扣、退款状态、创建/完成时间、客户和服务任务均有结构化字段，可新增不含原因原文与审批备注的治理视图。,ask_data_discount_refund_governance_view,core:finance:view,,,0.35,src/app/pages/finance/FinanceOverview.tsx|src/app/pages/finance/CashierReconciliation.tsx,packages/server-v2/src/orders/orders.controller.ts,ProductOrder|RefundRecord|OrderItem|ServiceTask|Beautician,"{""ProductOrder"":670,""RefundRecord"":42,""ServiceTask"":237,""Beautician"":14}"
finance-073,六、财务风控 Agent,退款与折扣,有没有客户经常退款的异常行为,admin_supported_ask_not_open,existing_facts_new_view,P1,discount_refund_governance,折扣与退款事实,订单折扣、退款状态、创建/完成时间、客户和服务任务均有结构化字段，可新增不含原因原文与审批备注的治理视图。,ask_data_discount_refund_governance_view,core:finance:view,,,0.35,src/app/pages/finance/FinanceOverview.tsx|src/app/pages/finance/CashierReconciliation.tsx,packages/server-v2/src/orders/orders.controller.ts,ProductOrder|RefundRecord|OrderItem|ServiceTask|Beautician,"{""ProductOrder"":670,""RefundRecord"":42,""ServiceTask"":237,""Beautician"":14}"
finance-075,六、财务风控 Agent,退款与折扣,帮我生成一份退款明细报告,admin_supported_ask_not_open,existing_ask_direct,P0,refund_detail_report,退款明细,返回退款时间、金额、状态和原因分类，不返回流水号或内部备注。当前 Catalog 和独立语义合同已完成接入，按已开放能力计入直接覆盖。,agent_v3_payment_refund_view,core:finance:view,payment_flow,agent_v3_payment_refund_view,0.94,,packages/server-v2/src/ask-data-free-sql/ask-data-semantic-contracts.ts,,{}
finance-078,六、财务风控 Agent,财务风险与合规,这个月有没有不正常的流水,admin_supported_ask_not_open,existing_ask_direct,P0,abnormal_finance_flow,异常财务流水,将“不正常流水”限定为已检测对账异常，不自行推断风险。当前 Catalog 和独立语义合同已完成接入，按已开放能力计入直接覆盖。,ask_data_reconciliation_issue_view,core:finance:view,reconciliation_issue,ask_data_reconciliation_issue_view,0.98,,packages/server-v2/src/ask-data-free-sql/ask-data-semantic-contracts.ts,,{}
finance-083,六、财务风控 Agent,财务风险与合规,有没有跨月的预付款需要处理,admin_supported_ask_not_open,existing_facts_new_view,P1,discount_refund_governance,折扣与退款事实,订单折扣、退款状态、创建/完成时间、客户和服务任务均有结构化字段，可新增不含原因原文与审批备注的治理视图。,ask_data_discount_refund_governance_view,core:finance:view,,,0.35,src/app/pages/finance/FinanceOverview.tsx|src/app/pages/finance/CashierReconciliation.tsx,packages/server-v2/src/orders/orders.controller.ts,ProductOrder|RefundRecord|OrderItem|ServiceTask|Beautician,"{""ProductOrder"":670,""RefundRecord"":42,""ServiceTask"":237,""Beautician"":14}"
finance-086,六、财务风控 Agent,财务风险与合规,这个月的现金收入有没有核对过,admin_supported_ask_not_open,existing_ask_direct,P1,cash_reconciliation_run_status,现金收入对账运行状态,当前对账视图以异常为主表，无异常时不保留运行行；不能用“异常数为 0”冒充“已完成对账”。当前 Catalog 和独立语义合同已完成接入，按已开放能力计入直接覆盖。,ask_data_reconciliation_issue_view,,reconciliation_issue,ask_data_reconciliation_issue_view,0.97,,packages/server-v2/src/ask-data-free-sql/ask-data-semantic-contracts.ts,,{}
finance-088,六、财务风控 Agent,财务风险与合规,帮我检查一下这个月的财务数据有没有异常,admin_supported_ask_not_open,existing_ask_direct,P0,finance_issue_summary,财务异常汇总,按异常类别、严重度和处理状态汇总已检测财务异常。当前 Catalog 和独立语义合同已完成接入，按已开放能力计入直接覆盖。,ask_data_reconciliation_issue_view,core:finance:view,reconciliation_issue,ask_data_reconciliation_issue_view,0.97,,packages/server-v2/src/ask-data-free-sql/ask-data-semantic-contracts.ts,,{}
finance-094,六、财务风控 Agent,财务风险与合规,这个月有没有超出预算的支出,admin_supported_ask_not_open,backend_fact_incomplete,P2,financial_governance_missing,现金流、预算、手续费与审批治理,订单、支付和退款事实存在，但题目要求的预算、渠道手续费、审批状态、现金流账户或跨月资金治理没有完整事实模型。,,core:finance:view,,,0.35,src/app/pages/finance/FinanceOverview.tsx,packages/server-v2/src/finance-metrics/finance-metrics.controller.ts,ProductOrder|PaymentRecord|RefundRecord|DailySettlement,"{""ProductOrder"":670,""PaymentRecord"":671,""RefundRecord"":42,""DailySettlement"":45}"
finance-097,六、财务风控 Agent,财务风险与合规,这个月的财务报告什么时候要出，需要什么数据,admin_supported_ask_not_open,backend_fact_incomplete,P2,financial_governance_missing,现金流、预算、手续费与审批治理,订单、支付和退款事实存在，但题目要求的预算、渠道手续费、审批状态、现金流账户或跨月资金治理没有完整事实模型。,,core:finance:view,,,0.35,src/app/pages/finance/FinanceOverview.tsx,packages/server-v2/src/finance-metrics/finance-metrics.controller.ts,ProductOrder|PaymentRecord|RefundRecord|DailySettlement,"{""ProductOrder"":670,""PaymentRecord"":671,""RefundRecord"":42,""DailySettlement"":45}"
finance-099,六、财务风控 Agent,财务风险与合规,帮我生成一份月度财务简报,admin_supported_ask_not_open,brain_or_advice,boundary,brain_or_advice,建议、预测或内容生成,题目要求方案、预测、归因解释或内容组织，SQL 只能提供事实证据，最终能力应由独立 Ami Brain 或受控报告能力承接。,,,,,0.35,,,,{}
finance-100,六、财务风控 Agent,财务风险与合规,帮我分析一下如果下个月客流减少30%，财务压力有多大,admin_supported_ask_not_open,brain_or_advice,boundary,brain_or_advice,建议、预测或内容生成,题目要求方案、预测、归因解释或内容组织，SQL 只能提供事实证据，最终能力应由独立 Ami Brain 或受控报告能力承接。,,,,,0.35,,,,{}
